Article ID,Article Title,Category,URL,Last Updated,Topics Covered,Content Type,Word Count,Has Screenshots,Content Hash
45,How can I add collaborators to my project?,zipBoard Users,https://help.zipboard.co/article/45-how-can-i-add-collaborators-to-my-project,2024-10-22,Categories,Guide,77,Yes,f63ece066e38c5a243fdf75fc89f8afe
135,How do I Work with Clients in zipBoard?,zipBoard Users,https://help.zipboard.co/article/135-how-do-i-work-with-clients-in-zipboard,2025-01-24,"Enhanced Client Sharing with zipBoard, Ready to Try zipBoard?, üëâNext:",Guide,629,Yes,e93701841549b875a98d2dd4a1d2255a
259,How to Invite Collaborators to a Project?,zipBoard Users,https://help.zipboard.co/article/259-how-to-invite-collaborator-to-project,2023-11-21,"Related Articles, Categories",Guide,113,Yes,eec19eede6204e896cccfc2cefb14e2a
261,Getting Started as a Collaborator,zipBoard Users,https://help.zipboard.co/article/261-getting-started-as-a-collaborator,2025-07-23,"What can collaborators do in zipBoard?, Step-by-Step Process for Collaborators, Need More Help?",Guide,319,No,f7b25eb6319f8f6620b3cc992b517d95
73,"What‚Äôs the difference between Super Admin, Admin, Manager, Collaborator, Client, Guest Collaborator and Reviewer?",zipBoard Users,https://help.zipboard.co/article/73-what-is-the-difference-between-owner-manager-collaborator-and-client,2024-08-29,"Org Admin/Super Admin:, Admin:, Managers:",Guide,375,No,0f19e2a926045449b12328770608b9cd
164,"What is the ""Add Client"" button for?",zipBoard Users,https://help.zipboard.co/article/164-what-is-the-add-client-button-for,2025-01-24,"Why Do We Have This Feature?, How to Add Clients to Your zipBoard Project, Benefits of Using zipBoard by Industry",Guide,457,Yes,dbfeb9bd0de58049560b44ae7a882b0b
150,How can I manage user roles better with enterprise accounts?,zipBoard Users,https://help.zipboard.co/article/150-how-can-i-manage-user-roles-better-with-enterprise-accounts,2024-10-22,Categories,Guide,343,Yes,17697b07b9acb16afd9610903aa86cf6
122,Adding a collaborator or reviewer account,zipBoard Users,https://help.zipboard.co/article/122-adding-a-collaborator-or-reviewer-account,2024-10-22,Categories,Guide,232,Yes,1ef9fb992ecb63890bc4d5af47c90a07
266,Guides for zipBoard Users,zipBoard Users,https://help.zipboard.co/article/266-comprehensive-guides-for-zipboard,2025-01-24,Categories,Guide,231,No,181aa65d12d0a592ee83cbe0d49fafb9
123,Adding a Manager Account,zipBoard Users,https://help.zipboard.co/article/123-adding-a-manager-account,2024-08-29,Categories,Guide,171,Yes,9a8815e4ac2d1a1788095407a5f34ed2
63,How do I Integrate zipBoard with JIRA?,Knowledge Base,https://help.zipboard.co/article/63-how-do-i-integrate-zipboard-with-jira,2023-12-28,Categories,Guide,351,Yes,462fd7173c42d1dd06c0f32ab50624d8
205,Integrate zipBoard with Wrike & Manage Your Project Better,Knowledge Base,https://help.zipboard.co/article/205-does-zipboard-integrate-with-wrike,2024-10-18,"Related Articles, Categories",Guide,166,Yes,d35e3da7bc99b03be590b12e16932f05
421,Getting Started with the zipBoard Add-in for Microsoft Outlook,Knowledge Base,https://help.zipboard.co/article/421-zipboard-add-in-for-microsoft-outlook,2025-01-21,"Step 1: Installing the zipBoard Add-in, Step 2: Accessing the zipBoard Add-in, Step 3: Logging in to the zipBoard Add-in",Guide,459,Yes,27f1fe5fe19b81594176f466d4e266c5
262,How Secure is zipBoard?,Knowledge Base,https://help.zipboard.co/article/262-how-secure-is-zipboard,2026-02-05,"üñ•Ô∏è Enterprise-Grade Cloud Infrastructure, üìÅ Data Encryption & Transmission, üéØAccess Controls& Internal Security",Guide,512,Yes,c9873e3b7ae5b444b916c575ca8cbf01
295,How do I Integrate zipBoard with LambdaTest?,Knowledge Base,https://help.zipboard.co/article/295-how-integrate-zipboard-lambdatest,2023-12-28,"Step 1: Find zipBoard in LambdaTest, , Step 2:¬†Finding API Key In zipBoard",Guide,280,Yes,71098132455f1a3a83a7ab149278bd5c
443,Document & Content Review Tracking in zipBoard: Ensuring Efficient File Reviews,Knowledge Base,https://help.zipboard.co/article/443-review-tracking-in-zipboard-ensuring-efficient-file-reviews,2025-05-16,"Introducing the Document & Content Review Tracking, Key Features:, Enhancing Efficiency and Collaboration",Guide,404,Yes,14434b5f0237dc9f72a411a28ccf5763
255,How to Work with Microsoft Teams App with zipBoard Integrated in it?,Knowledge Base,https://help.zipboard.co/article/255-how-to-work-with-microsoft-teams-app-with-zipboard-integrated-in-it,2023-12-28,Categories,Guide,187,Yes,2204d29c6028d7919525d126bcd29970
362,How to Enable Camera and Microphone Access,Knowledge Base,https://help.zipboard.co/article/362-how-to-enable-camera-and-video-access,2024-03-16,"Enabling Camera and Video Access in Google Chrome, Step 1: Open Chrome Settings, Step 2: Navigate to Site Settings",Guide,433,Yes,77a9bfee408d3aaafeba10107f848c90
206,How do I Integrate zipBoard with WRIKE,Knowledge Base,https://help.zipboard.co/article/206-how-do-i-integrate-zipboard-with-wrike,2023-12-28,"Related Articles, Categories",Guide,174,Yes,5ac9d46b799e983d4e7293eb150c986e
91,How Can I Import Data to zipBoard?,Knowledge Base,https://help.zipboard.co/article/91-importing-data-to-zipboard,2023-12-05,"Related Articles, Categories",Guide,60,Yes,a71b39788c140c55ee15dcab6da2a355
183,HTTP Status Codes,APIs,https://help.zipboard.co/article/183-http-status-codes,2019-02-20,Categories,Guide,115,No,3d7555fb61e8a4f8811152de96e3ace7
181,API for Issues (Task),APIs,https://help.zipboard.co/article/181-api-for-issues-task,2020-02-18,"Get Tasks, Create¬†Tasks, Update¬†Task",Guide,873,No,f08a2524f5eeb0efbd9b1ed84601d860
178,API for Project,APIs,https://help.zipboard.co/article/178-api-for-project,2021-12-22,"Get Projects, Create Projects, Update Projects",Guide,827,No,bb7840580755f99a23f37d51bda73f54
180,API for Review Links,APIs,https://help.zipboard.co/article/180-api-for-review-links,2025-01-21,"Get¬†Review Links, Delete Review Link, Create¬†Review Link",Guide,507,No,dfbd68f13e0e8ca8cf213fe7884d4409
237,API for Organization,APIs,https://help.zipboard.co/article/237-api-for-organization,2021-05-25,"Get Organisation, Categories",Guide,193,No,6c72ea21c2a05885d3b44e8920d21fc9
240,Responses,APIs,https://help.zipboard.co/article/240-responses,2020-02-18,"Get Responses, Create¬†Rsponse, GEThttps://app.zipboard.co/api/v1/issues/responses/",Guide,595,No,9e6a39f3e6a630a94f61967d2d92ce58
312,Integrating the zipBoard API into User Application,APIs,https://help.zipboard.co/article/312-integrating-the-zipboard-api-into-user-application,2023-10-03,"Typographic Convention, Data Inputs, Body:",Guide,874,No,03b5208cbea4c42a05773096c0ef5837
351,APIs for Custom Integration,APIs,https://help.zipboard.co/article/351-apis-for-custom-integration,2023-10-03,"Integration Example, Categories",Guide,465,Yes,88b5da5eb5a9e8902ce8166cd7087378
179,API for Files (URL),APIs,https://help.zipboard.co/article/179-api-for-files-url,2020-02-14,"Get Files, Create Files, Update Files",Guide,715,No,2e3e53b1093a08d596d97a4dd9573500
171,API Authentication and URI Structure,APIs,https://help.zipboard.co/article/171-api-authentication-and-uri-structure,2023-11-16,"Related Articles, Categories",Guide,234,Yes,84d7318862280d4acc1b9be393928450
182,API for Issues (Feedback),APIs,https://help.zipboard.co/article/182-api-for-issues-feedback,2019-04-23,"Get Feedback, Create Feedback, Update Feedback",Guide,683,No,74909182e16678bfb33fc435d0ac0688
374,Workflow for all zipBoard Users,Getting Started9articles,https://help.zipboard.co/article/374-zipboard-users-workflow,2024-10-22,", Super Admin Setup:, Super adminsigns up for zipBoard Enterprise.",Guide,309,No,2f0e0b4a74638e32e7fafc79e394c194
73,"What‚Äôs the difference between Super Admin, Admin, Manager, Collaborator, Client, Guest Collaborator and Reviewer?",Getting Started9articles,https://help.zipboard.co/article/73-what-is-the-difference-between-owner-manager-collaborator-and-client,2024-08-29,"Org Admin/Super Admin:, Admin:, Managers:",Guide,375,No,0f19e2a926045449b12328770608b9cd
139,Who are referred to as Guests in my zipBoard Project?,Getting Started9articles,https://help.zipboard.co/article/139-who-are-referred-to-as-guests-in-my-zipboard-project,2025-07-23,Categories,Guide,48,Yes,844cf4648111fee7da7068c8c81e5a7d
221,Will the Users Get Notification in zipBoard?,Getting Started9articles,https://help.zipboard.co/article/221-will-the-users-get-notification-in-zipboard,2023-11-21,Categories,Guide,52,Yes,aad7446a7b117013f7ac5b49942ce802
150,How can I manage user roles better with enterprise accounts?,Getting Started9articles,https://help.zipboard.co/article/150-how-can-i-manage-user-roles-better-with-enterprise-accounts,2024-10-22,Categories,Guide,343,Yes,17697b07b9acb16afd9610903aa86cf6
403,Getting Started as Super Admin and Admin in zipBoard,Getting Started9articles,https://help.zipboard.co/article/403-complete-workflow-for-all-zipboard-users,2025-07-25,"Related Articles, Categories",Guide,379,Yes,539e10a0955be86f029233238f5ee833
266,Guides for zipBoard Users,Getting Started9articles,https://help.zipboard.co/article/266-comprehensive-guides-for-zipboard,2025-01-24,Categories,Guide,231,No,181aa65d12d0a592ee83cbe0d49fafb9
375,Roles and Permissions,Getting Started9articles,https://help.zipboard.co/article/375-roles-and-permissions,2024-10-22,"Org Admin/Super Admin:, Admin:, Managers:",Guide,251,No,30c26b0d1bdc386ef74cebd711335934
342,The Different Ways to Invite Reviewers to Get Feedback on Digital Assets,Getting Started9articles,https://help.zipboard.co/article/342-the-different-ways-to-invite-reviewers-to-get-feedback-on-content-or-documents-in-zipboard,2024-08-29,"Collaborators, Clients, Guest Collaborators",Guide,782,No,e4bb790f1b308ced465f0acf566cd0b4
376,Understanding Super Admins & Admins,All About Super Admins & Admins6articles,https://help.zipboard.co/article/376-introduction-to-super-admins,2025-07-23,"Related Articles, Categories",Guide,352,No,27430ce6215b0c09977a885d52271f2d
229,How to Remove Members from an Organization or Project?,All About Super Admins & Admins6articles,https://help.zipboard.co/article/229-how-do-i-remove-members-from-an-organization,2024-08-29,"Related Articles, Categories",Guide,262,Yes,2838d462dc51665ae6489bdbed5eb9d7
76,How do I create an organization? I don‚Äôt see the option anywhere.,All About Super Admins & Admins6articles,https://help.zipboard.co/article/76-how-do-i-create-an-organization-i-don-t-see-the-option-anywhere,2023-09-30,Categories,Guide,39,No,57b64e9f0493f8bcd446ff9e26972ca8
403,Getting Started as Super Admin and Admin in zipBoard,All About Super Admins & Admins6articles,https://help.zipboard.co/article/403-complete-workflow-for-all-zipboard-users,2025-07-25,"Related Articles, Categories",Guide,379,Yes,539e10a0955be86f029233238f5ee833
77,Why am I added to all the projects in my organization?,All About Super Admins & Admins6articles,https://help.zipboard.co/article/77-why-am-i-added-to-all-the-projects-in-my-organization,2023-09-30,Categories,Guide,37,No,7aae48b3ff9333a2f1c4e4302c8648c8
232,How to Add Members from an Organization or Project?,All About Super Admins & Admins6articles,https://help.zipboard.co/article/232-how-to-add-members-from-an-organization-or-project,2025-07-23,"Adding Collaborators, Adding Managers, Adding Clients",Guide,418,Yes,2516410ea24e7ae687c3cee04fc99b8b
235,"What is the role of a ""Manager""?",All About Managers7articles,https://help.zipboard.co/article/235-what-is-manager-role,2024-08-29,Categories,Guide,193,No,402288a5ee80f3c2d82c9592db024d39
344,Adding Managers to your account,All About Managers7articles,https://help.zipboard.co/article/344-adding-managers-to-your-account,2024-10-22,Categories,Guide,59,Yes,b4f87684363fdd185b79834688de370e
377,Getting Started as Project Managers,All About Managers7articles,https://help.zipboard.co/article/377-introduction-to-managers,2025-07-25,"Step-by-Step Guide for Project Managers, Need More Help?, Related Articles",Guide,466,No,96fab36d256cf92c28fe86542a71c690
320,What are Managers?,All About Managers7articles,https://help.zipboard.co/article/320-what-are-managers,2024-10-22,Categories,Guide,78,No,16caacdba5fc217fa3ec4e9df4f0433b
229,How to Remove Members from an Organization or Project?,All About Managers7articles,https://help.zipboard.co/article/229-how-do-i-remove-members-from-an-organization,2024-08-29,"Related Articles, Categories",Guide,262,Yes,2838d462dc51665ae6489bdbed5eb9d7
232,How to Add Members from an Organization or Project?,All About Managers7articles,https://help.zipboard.co/article/232-how-to-add-members-from-an-organization-or-project,2025-07-23,"Adding Collaborators, Adding Managers, Adding Clients",Guide,418,Yes,2516410ea24e7ae687c3cee04fc99b8b
123,Adding a Manager Account,All About Managers7articles,https://help.zipboard.co/article/123-adding-a-manager-account,2024-08-29,Categories,Guide,171,Yes,9a8815e4ac2d1a1788095407a5f34ed2
45,How can I add collaborators to my project?,All About Collaborators11articles,https://help.zipboard.co/article/45-how-can-i-add-collaborators-to-my-project,2024-10-22,Categories,Guide,77,Yes,f63ece066e38c5a243fdf75fc89f8afe
261,Getting Started as a Collaborator,All About Collaborators11articles,https://help.zipboard.co/article/261-getting-started-as-a-collaborator,2025-07-23,"What can collaborators do in zipBoard?, Step-by-Step Process for Collaborators, Need More Help?",Guide,319,No,f7b25eb6319f8f6620b3cc992b517d95
259,How to Invite Collaborators to a Project?,All About Collaborators11articles,https://help.zipboard.co/article/259-how-to-invite-collaborator-to-project,2023-11-21,"Related Articles, Categories",Guide,113,Yes,eec19eede6204e896cccfc2cefb14e2a
46,How can I remove collaborators from my project?,All About Collaborators11articles,https://help.zipboard.co/article/46-how-can-i-remove-collaborators-from-my-project,2025-01-09,Categories,Guide,69,Yes,75b1140ab6731020eab25585f2fe0b22
220,Will collaborators get notified by email when they assigned to task/project?,All About Collaborators11articles,https://help.zipboard.co/article/220-will-collaborators-get-notified-by-email-when-they-assigned-to-task-project,2023-09-30,Categories,Guide,46,No,2a5c62a3a272d58e13a929c6dbfe95c0
378,Workflow of Collaborators,All About Collaborators11articles,https://help.zipboard.co/article/378-introduction-to-collaborators,2025-07-23,"Collaborator Content Contribution:, Content Sharing:, Review Process:",Guide,319,No,5cbaa128c0327e65f9ee0b385e06b3d2
233,Will a collaborator get email notification when a reply is added to their feedback?,All About Collaborators11articles,https://help.zipboard.co/article/233-will-a-collaborator-get-email-notification-when-a-reply-is-added-to-his-feedback,2023-09-30,Categories,Guide,45,No,808c10f075883802e211c060358539f4
218,How to Send Emails from zipBoard to Collaborators?,All About Collaborators11articles,https://help.zipboard.co/article/218-email-notification,2023-11-21,Categories,Guide,63,Yes,8de3849e4fe2f6fb9f3864d1cd6501dc
122,Adding a collaborator or reviewer account,All About Collaborators11articles,https://help.zipboard.co/article/122-adding-a-collaborator-or-reviewer-account,2024-10-22,Categories,Guide,232,Yes,1ef9fb992ecb63890bc4d5af47c90a07
138,How are Guest Collaborators different from Guest Reviewers?,All About Collaborators11articles,https://help.zipboard.co/article/138-how-are-guest-collaborators-different-from-guest-reviewers,2025-08-20,"Guest Collaborators:, Workflow for Guest Collaborators, Guest Reviewers:",Guide,545,Yes,a26a838bf6cb88b9eb63e9abb9964503
228,"If I remove a collaborator from my organization or project, what happens to thier tasks and comments?",All About Collaborators11articles,https://help.zipboard.co/article/228-if-i-remove-a-user-from-my-organization-or-project-what-happens-to-there-tasks-and-comments,2024-02-27,Categories,Guide,54,No,06940560594b02406924bec8175dc919
135,How do I Work with Clients in zipBoard?,All About Clients7articles,https://help.zipboard.co/article/135-how-do-i-work-with-clients-in-zipboard,2025-01-24,"Enhanced Client Sharing with zipBoard, Ready to Try zipBoard?, üëâNext:",Guide,629,Yes,e93701841549b875a98d2dd4a1d2255a
264,What is the Client role in Enterprise Plan?,All About Clients7articles,https://help.zipboard.co/article/264-what-is-client-role-in-enterprise-edition,2025-01-24,"What zipBoard Offers, Why It‚Äôs Beneficial, Impact Across Industries",Guide,330,Yes,96ceee5258f6339d631c71232fde0863
390,Understanding Client Role in zipBoard,All About Clients7articles,https://help.zipboard.co/article/390-getting-started-as-clients,2025-07-23,"Related Articles, Categories",Guide,179,No,5966030b8f825a311d1373277f4fd94e
402,Getting Started as Clients,All About Clients7articles,https://help.zipboard.co/article/402-workflow-of-clients,2025-07-23,"Related Articles, Categories",Guide,450,Yes,05b6fe21087e035e18ab7db433b0c828
222,Can my client get messages from project team in enterprise edition?,All About Clients7articles,https://help.zipboard.co/article/222-will-my-client-get-messages-from-project-team-in-enterprise-edition,2023-09-30,Categories,Guide,35,Yes,977343112673bb7daad520d5647de7a6
164,"What is the ""Add Client"" button for?",All About Clients7articles,https://help.zipboard.co/article/164-what-is-the-add-client-button-for,2025-01-24,"Why Do We Have This Feature?, How to Add Clients to Your zipBoard Project, Benefits of Using zipBoard by Industry",Guide,457,Yes,dbfeb9bd0de58049560b44ae7a882b0b
131,Can my clients be external collaborators for my zipBoard project?,All About Clients7articles,https://help.zipboard.co/article/131-can-my-clients-be-external-collaborators-for-my-zipboard-project,2023-12-11,Categories,Guide,125,No,b6e83cd8cd5a1decf28449f8d105ed24
433,Getting Started with zipBoard: For Web Designers,Getting Started38articles,https://help.zipboard.co/article/433-getting-started-with-zipboard-for-web-designers,2024-11-26,"Step 1:Set Up Your Project, Step 2:Add Your Website for Review, Step 3:Annotate and Provide Feedback",Guide,514,No,7004a7e529a9c4695f777c40b0f726c1
432,Getting Started with zipBoard: For Learning Designers,Getting Started38articles,https://help.zipboard.co/article/432-getting-started-with-zipboard-for-learning-designers,2024-11-26,"Step 1:Set Up Your Project, Step 2:Upload Learning Materials, Step 3:Annotate and Review Content",Guide,561,No,0c23c4b54abbf09a25ba9fce6c9585b7
203,A Guide to zipBoard,Getting Started38articles,https://help.zipboard.co/article/203-get-the-most-out-of-our-guides-in-zipboard,2024-11-26,"Start Reviewing Content with zipBoard, Reviewing Files without the Plugin, Reviewing URLs/Websites with the Plugin",Guide,263,No,f54ea203889d26284de222e21880c860
434,Getting Started with zipBoard: For Technical Writers,Getting Started38articles,https://help.zipboard.co/article/434-getting-started-with-zipboard-for-technical-writers,2024-11-26,"Step 1:Set Up Your Project, Step 2:Upload Your PDF Document, Step 3:Annotate and Review the Document",Guide,496,No,98ce5f3a465b4665ef618715e0596f08
21,How do I start with zipBoard?,Getting Started38articles,https://help.zipboard.co/article/21-how-do-i-start-with-zipboard,2024-10-22,Categories,Guide,150,Yes,d8f419461875a930e904e4a7b1e5d969
120,How to Log In to zipBoard,Getting Started38articles,https://help.zipboard.co/article/120-log-in-to-zipboard,2024-10-18,"Step 1: Visit the Login Page, Step 2: Enter Your Credentials, Step 3: Forgot Your Password?",Guide,154,Yes,ff6efa15356be2a83d51a60292566e8d
252,Getting Started with zipBoard: A Workflow for Everyone,Getting Started38articles,https://help.zipboard.co/article/252-getting-started-with-zipboard,2024-11-26,"Related Articles, Categories",Guide,977,Yes,9cab78e8280ddad0f11f2b3965ae6e60
343,Annotation Tools Backup,Getting Started38articles,https://help.zipboard.co/article/343-annotation-tools-backup,2024-10-22,"Adding annotations, The various annotation tools at your disposal, A. Comment",Guide,1711,Yes,3620c48b7ba15d4e995f3a6b51f13682
119,How to Sign Up for zipBoard,Getting Started38articles,https://help.zipboard.co/article/119-signing-up-for-zipboard,2025-01-29,"Alternative Sign-Up Options, Single Sign-On (SSO) for Enterprise Users, üëâNext...",Guide,257,Yes,4123de345a843b2e3023c71be34aa020
431,Getting Started with zipBoard: For AEC Professionals,Getting Started38articles,https://help.zipboard.co/article/431-getting-started-with-zipboard-for-aec-professionals,2024-11-26,"Step 1:Upload Construction Documents (PDFs), Step 2:Annotate and Review, Step 3:Version Control",Guide,506,No,5780c39b26b5e7d40286dffcc7b24642
409,Best Practices for Creating SCORM Courses / HTML that Work in zipBoard,Getting Started38articles,https://help.zipboard.co/article/409-best-practices-for-creating-scorm-courses-html-that-work-in-zipboard,2024-05-08,"Understanding zipBoard Functionality, Challenges with Webpages and Courses:, Requirements for Direct Annotation in zipBoard",Guide,496,No,f6710eff51c53d5b80c25cdfdb03b925
321,Does zipBoard have Single Sign-On (SSO)?,Getting Started38articles,https://help.zipboard.co/article/321-does-zipboard-have-sso,2023-10-03,Categories,Guide,44,No,a31637d64e366df94e8f1afc7df8a5b0
195,How is zipBoard Different from Other Bug Tracking Solutions?,Getting Started38articles,https://help.zipboard.co/article/195-how-is-zipboard-different-from-other-solutions,2023-11-22,"Related Articles, Categories",Guide,307,No,868ee601029fd1381e6a7f074384d3c6
273,Collaborate Better with zipBoard,Getting Started38articles,https://help.zipboard.co/article/273-collaborate-better-with-zipboard,2023-11-22,"Related Articles, Categories",Guide,116,Yes,9352e6e77421dd82dc2d78fd1e43fdac
241,How to install Widget and use it ?,Getting Started38articles,https://help.zipboard.co/article/241-how-to-install-widget-and-use-it,2024-10-31,Categories,Guide,382,Yes,25d555235ecaee9a1ccd9b3b2b490024
445,Construction Template for Document Reviews,Getting Started38articles,https://help.zipboard.co/article/445-construction-template-for-document-reviews,2025-05-19,"Common Construction Document Challenges & How This Template Helps:, Phases, Key Phases& What Happens in Each Stage:",Guide,568,Yes,ff284c2d3db709633df26590e157457b
19,How Does zipBoard Help me Build Better Products?,Getting Started38articles,https://help.zipboard.co/article/19-how-does-zipboard-help-me-build-better-products,2023-11-22,"Ease of Use:, Visual Feedback:, Access Permissions:",Guide,114,Yes,6a8b2b1a7741b95c06f44a39ed6878c6
20,How can I use zipBoard for eLearning projects?,Getting Started38articles,https://help.zipboard.co/article/20-how-can-i-use-zipboard-for-elearning-projects,2023-11-22,Categories,Guide,55,No,1987616ee1e10375b752d44db77cf541
362,How to Enable Camera and Microphone Access,Getting Started38articles,https://help.zipboard.co/article/362-how-to-enable-camera-and-video-access,2024-03-16,"Enabling Camera and Video Access in Google Chrome, Step 1: Open Chrome Settings, Step 2: Navigate to Site Settings",Guide,433,Yes,77a9bfee408d3aaafeba10107f848c90
448,Content Development Template for Content Reviews,Getting Started38articles,https://help.zipboard.co/article/448-content-development-template-for-content-reviews,2025-03-14,"Common Content Development Challenges & How This Template Helps:, Phases, Key Phases& What Happens in Each Stage:",Guide,590,Yes,241eb6b2131e3a1ad36669f29edc363a
392,Change Email Address in zipBoard Account,Product Features28articles,https://help.zipboard.co/article/392-change-email-address-in-zipboard-account,2023-12-14,"Related Articles, Categories",Guide,129,Yes,76ace1c57e61609fac29875e9ecad924
417,Getting Started with the zipBoard Outlook Plugin,Product Features28articles,https://help.zipboard.co/article/417-getting-started-with-the-zipboard-outlook-plugin,2024-10-18,"Related Articles, Categories",Guide,363,Yes,4111a853e105e3c868bc1d896a2f1d71
400,How to use the Video Recording Tool in zipBoard?,Product Features28articles,https://help.zipboard.co/article/400-how-to-record-and-manage-videos-on-zipboard,2024-12-03,"Recording a Video, Tips for Screen and Self Recording, Related Articles",Guide,330,Yes,6439d29ec643ce7fcaf5d0d0dddd2ac2
441,Streamlining Large-Scale File Uploads with Bulk Upload in zipBoard,Product Features28articles,https://help.zipboard.co/article/441-streamlining-file-uploads-with-bulk-upload-in-zipboard,2025-02-19,"Introducing zipBoard Bulk Upload: A Smarter Way toHandle Large File Volumes, Why zipBoard Bulk Uploadin zipBoard Matters for Large Projects, How to Use Bulk Upload in zipBoard",Guide,474,Yes,b3315618db50e25ff62e28ec36bf42ba
274,Generate Consolidated Reports with zipBoard,Product Features28articles,https://help.zipboard.co/article/274-generate-consolidated-reports-with-zipboard,2023-12-13,"Related Articles, Categories",Guide,69,No,bcb11cc2857ad4a0448c4bf948a21edd
470,Can non-admins use templates once created?,Product Features28articles,https://help.zipboard.co/article/470-can-non-admins-use-templates-once-created,2025-10-03,"Answer, Why This Matters, Categories",Guide,76,No,08d05c84a6fc75fe1be1f0bd517b6d77
463,"If I change a template, do existing projects update too?",Product Features28articles,https://help.zipboard.co/article/463-if-i-change-a-template-do-existing-projects-update-too,2025-10-03,"Overview, Answer, Example",Guide,116,No,97e5bbbd9310809a108bc889a2aefa4d
466,What happens if you try to delete a template being used by a live project?,Product Features28articles,https://help.zipboard.co/article/466-what-happens-if-you-try-to-delete-a-template-being-used-by-a-live-project,2025-10-03,"Answer, Example, Best Practice",Guide,107,No,0290c5433d0227e5492cd9b47f201ffc
436,Streamlining Your Workflows with Content Manager in zipBoard,Product Features28articles,https://help.zipboard.co/article/436-streamlining-your-workflows-with-content-manager-in-zipboard,2025-01-16,"What is the Content Manager in zipBoard?, Why is the Content Manager Important?, How Different Teams use the Content Manager",Guide,764,Yes,5ed838a71f6bf5f54d95386dfd1ab8b3
472,"Can templates include reviewers, roles, or only structure in zipBoard?",Product Features28articles,https://help.zipboard.co/article/472-can-templates-include-reviewers-roles-or-only-structure-in-zipboard,2025-10-03,"What Templates Capture, What Templates Don‚Äôt Capture, Why It Works This Way",Guide,77,No,abe12c64e1ffec0cb54d6dcc4bdd4031
422,Simplify Task Management with AI-Powered Task Types,Product Features28articles,https://help.zipboard.co/article/422-managing-task-types-at-the-project-level,2024-10-09,"Who Can Add, Set, and Delete Task Types?, Default Task in Project Level, Next Steps:Getting Started with AI-Powered Task Types",Guide,207,Yes,1a757a1898a3ce495ee4a3f38dfa3626
416,How Document Version Control Works in zipBoard?,Product Features28articles,https://help.zipboard.co/article/416-how-version-control-works-in-zipboard,2025-03-05,"The Problem with Managing Revisions, The New Version Control Solution, Add New Versions Seamlessly",Guide,461,Yes,02fd82e656a416b24ab14b343d741830
471,Is there a limit on the number of templates an organization can store?,Product Features28articles,https://help.zipboard.co/article/471-is-there-a-limit-on-the-number-of-templates-an-organization-can-store,2025-10-03,"Answer, Best Practice, Why This Matters",Guide,76,No,5f13af03b50029a2b12e2ac5e7b0381b
271,Visual Reviews and Feedback with zipBoard,Product Features28articles,https://help.zipboard.co/article/271-visual-reviews-and-feedback-with-zipboard,2024-10-18,"Related Articles, Categories",Guide,226,Yes,5d9dea5dc8534bd71bf558b39fc8b9b6
458,Quickly Navigate to the Right Annotation in PDF Reviews,Product Features28articles,https://help.zipboard.co/article/458-quickly-navigate-to-the-right-annotation-in-pdf-reviews,2025-10-03,"What‚Äôs New, How It Works, Why It Matters",Guide,426,Yes,e747e5c4f994c10c12f5d18b2d10433f
48,Stay Updated with the Watcher Feature in zipBoard,Product Features28articles,https://help.zipboard.co/article/48-what-is-the-watcher-feature-for-and-how-do-i-use-it,2025-03-14,"The Solution: Watcher Feature in zipBoard, How Does It Work?, How to Add a Watcher to a Task",Guide,343,Yes,b6cdfdbd292858d9d6a6c3d9071b2562
414,Streamlining PDF Collaboration with our Latest Tools!,Product Features28articles,https://help.zipboard.co/article/414-streamlining-aec-collaboration-with-zipboard,2024-12-03,"Panels:, View Controls:, Zooming Options:",Guide,1043,Yes,edcd3fb37264312aee3cf5db6ec29dd9
306,What are the Annotation Tools in zipBoard?,Product Features28articles,https://help.zipboard.co/article/306-all-annotation-tools-zipboard,2024-10-18,"Adding annotations, The various annotation tools at your disposal, A. Rectangle",Guide,1400,Yes,43496f9e1cbfa9ea335c17c3b666cba0
443,Document & Content Review Tracking in zipBoard: Ensuring Efficient File Reviews,Product Features28articles,https://help.zipboard.co/article/443-review-tracking-in-zipboard-ensuring-efficient-file-reviews,2025-05-16,"Introducing the Document & Content Review Tracking, Key Features:, Enhancing Efficiency and Collaboration",Guide,404,Yes,14434b5f0237dc9f72a411a28ccf5763
460,How to Use Comment Resolution and the New Sidebar in zipBoard,Product Features28articles,https://help.zipboard.co/article/460-how-to-use-comment-resolution-and-the-new-sidebar-in-zipboard,2025-10-02,"1. Accessing the New Sidebar, 2. Viewing and Managing Comments, 3. Resolving and Reopening Comments",Guide,660,Yes,557f88bf8b6517ae552e898b54fe3e45
22,Can I use zipBoard with Any Browser?,General Tutorials and Guides36articles,https://help.zipboard.co/article/22-can-i-use-zipboard-with-any-browser,2023-12-05,Categories,Guide,117,No,8ddf67d425baca79fee96ce42da55074
267,Can We Add Live Annotations without zipBoard Extension?,General Tutorials and Guides36articles,https://help.zipboard.co/article/267-can-we-add-live-annotations-with-zipboard-extension,2023-12-08,"Related Articles, Categories",Guide,311,Yes,9fce79d0b773e943426f1a0e0e1c8096
43,How do I Reorder my Screens?,General Tutorials and Guides36articles,https://help.zipboard.co/article/43-how-do-i-reorder-my-boards,2024-10-31,"Related Articles, Categories",Guide,73,Yes,8eb2a4ad6e6f2404910d5021d1615d28
140,Do I have a  keyboard shortcut to click screens in zipBoard?,General Tutorials and Guides36articles,https://help.zipboard.co/article/140-do-i-have-a-keyboard-shortcut-to-click-screens-in-zipboard,2023-09-30,Categories,Guide,95,No,80f049afbfaa2c85afe30d12402b3701
383,Can We Add Replies for Live Annotations?,General Tutorials and Guides36articles,https://help.zipboard.co/article/383-can-we-add-replies-for-live-annotations,2024-09-27,"Related Articles, Categories",Guide,71,Yes,81d05664291770af1f490e3993ecccbe
163,How can I Work on Different Versions of my files with zipBoard?,General Tutorials and Guides36articles,https://help.zipboard.co/article/163-how-can-i-work-on-diffrent-versions-of-my-files-with-zipboard,2024-09-27,"Please refer to this link instead., Related Articles, Categories",Guide,154,Yes,8d7de789b463d5b269b981a5be939d8a
31,"How do I add a new feature request, that i wish to see in zipBoard in near future?",General Tutorials and Guides36articles,https://help.zipboard.co/article/31-how-do-i-add-a-new-feature-request,2018-03-26,Categories,Guide,77,No,e86351ac2f8e5e392379b69d372df136
384,Customizing Statuses at the Project Level,General Tutorials and Guides36articles,https://help.zipboard.co/article/384-customizing-statuses-at-the-project-level,2024-10-11,"Related Articles, Categories",Guide,368,No,13d27ef18762b1a4366ae76d183b2a7d
38,"How can I access my content back, once I have started a review session?",General Tutorials and Guides36articles,https://help.zipboard.co/article/38-how-can-i-access-my-content-back-once-i-have-started-a-review-session,2024-10-18,"Step 1: Log in to Your zipBoard Account, Step 2: Navigate to Your Project, Step 3: Resume the Review Session",Guide,137,No,fa69cb3ff62fa4574057cd592a98b12f
41,How do I Use the Responsive Test Feature of zipBoard?,General Tutorials and Guides36articles,https://help.zipboard.co/article/41-how-do-i-use-the-responsive-test-feature-of-zipboard,2024-10-18,"Step 1: Start a Review Session, Step 2: Select Screen Resolution, Step 3: Take Screenshots and Add Comments",Guide,208,Yes,f43fcc47f6140a0e71895c8d5c540942
305,How can I set up Review Cycles in zipBoard,General Tutorials and Guides36articles,https://help.zipboard.co/article/305-test,2023-12-05,"Create Phases that Indicate Each Step in Your Review Cycle, Arrange the Phases to Reflect the Sequential Order (If Necessary), Upload Content to the Appropriate Phase to Reflect Where You are in Your Project's Review Process",Guide,224,Yes,a16a781a7b4dd46136a1f6cdf3bc69ba
53,How Do I Add a New Comment?,General Tutorials and Guides36articles,https://help.zipboard.co/article/53-how-do-i-add-a-new-comment,2023-12-05,"Related Articles, Categories",Guide,63,Yes,be960a39572f8c08e1fb097bd4703c58
315,Can You Assign Statuses to Content?,General Tutorials and Guides36articles,https://help.zipboard.co/article/315-assign-statuses-to-content,2023-12-05,"Assign statuses to each content, Related Articles, Categories",Guide,160,Yes,c23e8eb5f30dd610e388e57a4518ecd7
166,How can I record a screen for review using ZipBoard?,General Tutorials and Guides36articles,https://help.zipboard.co/article/166-how-can-i-record-a-screen-for-review-using-zipboard,2024-10-22,Categories,Guide,274,Yes,f129562a015acc0099d6dd83ca36e903
151,How can I know how much storage space I have utilized for my current plan?,General Tutorials and Guides36articles,https://help.zipboard.co/article/151-how-can-i-know-how-much-storage-space-i-have-utilized-for-my-current-plan,2023-12-05,"Related Articles, Categories",Guide,57,Yes,5a34e48eb5bd10e704c5255b3eac3e00
361,Can We Tag or Mention Users in Live Annotation Too?,General Tutorials and Guides36articles,https://help.zipboard.co/article/361-can-we-tag-users-in-live-annotations-too,2023-12-13,"Mentioning Made Easy, Related Articles, Categories",Guide,180,Yes,5fd413249f242dceafbca1de65f34bd4
330,Can I Annotate Content Without Using the Extension?,General Tutorials and Guides36articles,https://help.zipboard.co/article/330-annotate-content-without-using-extension,2023-12-05,Categories,Guide,161,No,dd8160d3792000551bf2fc40828fb0f5
317,Can You Assign One Content to Multiple Collaborators?,General Tutorials and Guides36articles,https://help.zipboard.co/article/317-assign-content-to-multiple-collaborators,2023-12-05,"Assign content to multiple collaborators, Related Articles, Categories",Guide,161,Yes,76e84545e64189709de38496a4d69fd9
92,How Can I Export Data from zipBoard?,General Tutorials and Guides36articles,https://help.zipboard.co/article/92-exporting-data-from-zipboard,2024-04-09,"Related Articles, Categories",Guide,161,Yes,213bfae21cb8958472253fecc958afc2
91,How Can I Import Data to zipBoard?,General Tutorials and Guides36articles,https://help.zipboard.co/article/91-importing-data-to-zipboard,2023-12-05,"Related Articles, Categories",Guide,60,Yes,a71b39788c140c55ee15dcab6da2a355
74,Can I be a part of multiple projects and teams from one zipBoard account?,Projects &  Phases25articles,https://help.zipboard.co/article/74-can-i-be-a-part-of-multiple-projects-and-teams-from-one-zipboard-account,2023-12-11,Categories,Guide,60,No,556fb0919de9eba6b39b2307b80d6163
127,Managing the Project Dashboard,Projects &  Phases25articles,https://help.zipboard.co/article/127-managing-the-project-dashboard,2024-10-22,"Overview of the Project Dashboard, Project Menu Bar Categories, Next Steps",Guide,373,No,f54482a02164ac55e51a75310c8b506d
125,Creating a Project in zipBoard,Projects &  Phases25articles,https://help.zipboard.co/article/125-creating-a-project,2025-04-29,"üß© Option 1: Use a Custom Project Template, üõ†Ô∏è Option 2: Build Your Project from Scratch, Categories",Guide,472,Yes,b053fc959c8ec08a6578627f1768b6de
128,Parts of a zipBoard project,Projects &  Phases25articles,https://help.zipboard.co/article/128-parts-of-a-zipboard-project,2023-12-11,"Activity Feed, Uploads, Tasks",Guide,1152,Yes,5636c360be79bd92c8e990b01807c024
110,What is Completion Date in a Project Phase?,Projects &  Phases25articles,https://help.zipboard.co/article/110-what-is-completion-date-in-a-project-phase,2023-12-11,"Related Articles, Categories",Guide,81,Yes,f47e886eff07f55746a1bbfe93595530
109,What is Project Phase Status?,Projects &  Phases25articles,https://help.zipboard.co/article/109-what-is-project-phase-status,2023-12-11,"Related Articles, Categories",Guide,91,Yes,863f6eea3355a16c6642a5a264b9d541
253,Do we have reports on project based in zipboard?,Projects &  Phases25articles,https://help.zipboard.co/article/253-do-we-have-reports-on-project-based-in-zipboard,2023-12-11,Categories,Guide,53,Yes,7cba4cb35b4a1955da071b037bd15b09
83,I've been added to a project. What's next?,Projects &  Phases25articles,https://help.zipboard.co/article/83-ive-been-added-to-a-project-what-next,2024-09-27,"Related Articles, Categories",Guide,149,Yes,64706e5f67caad2750796076d5373fc6
418,New Update on AI-Powered Statuses,Projects &  Phases25articles,https://help.zipboard.co/article/418-new-update-on-ai-powered-statuses,2025-01-28,"Permissions, Add Recommended Architecture, Engineering, and Construction Statuses, Add Recommended Software Development Statuses",Guide,512,Yes,14a78eea5e7e3e14b2c9c297aae4eeff
384,Customizing Statuses at the Project Level,Projects &  Phases25articles,https://help.zipboard.co/article/384-customizing-statuses-at-the-project-level,2024-10-11,"Related Articles, Categories",Guide,368,No,13d27ef18762b1a4366ae76d183b2a7d
394,How to Add Statuses from Project Level?,Projects &  Phases25articles,https://help.zipboard.co/article/394-can-we-add-statuses-from-project-level,2024-08-14,"Permissions, Related Articles, Categories",Guide,358,Yes,91284443c4f992e52612b09627030533
44,I created a project. What's next?,Projects &  Phases25articles,https://help.zipboard.co/article/44-i-created-a-project-what-next,2023-12-11,"Related Articles, Categories",Guide,136,Yes,be8c20535527beb60f3064c044985866
108,How do I create a Project Phase?,Projects &  Phases25articles,https://help.zipboard.co/article/108-how-do-i-create-a-project-phase,2023-12-11,Categories,Guide,46,Yes,17092ed92bc44e4866f6d06a8864be88
393,How to Add Statuses from Organization Level?,Projects &  Phases25articles,https://help.zipboard.co/article/393-can-we-edit-org-statuses,2024-06-27,"Related Articles, Categories",Guide,205,Yes,99e69a3679f477465b3c7df8c9e3f1c5
107,What is a Project Phase?,Projects &  Phases25articles,https://help.zipboard.co/article/107-what-is-a-project-phase,2023-12-11,"Related Articles, Categories",Guide,122,Yes,1bdff0d37f14b6570d8d3342a98a7d2c
86,How Can I Archive or Restore my zipBoard project?,Projects &  Phases25articles,https://help.zipboard.co/article/86-how-can-i-archive-restore-my-zipboard-project,2023-12-11,Categories,Guide,110,Yes,789cfeb9e134f70067deb039806bc196
112,"How do I assign Files, Tasks and Comments to a project phase?",Projects &  Phases25articles,https://help.zipboard.co/article/112-how-do-i-assign-files-tasks-and-comments-to-a-project-phase,2024-10-22,Categories,Guide,157,Yes,0113dc16b9d94ab59ec105a427ddfb3f
318,What happens to the content if I delete a phase?,Projects &  Phases25articles,https://help.zipboard.co/article/318-what-happens-to-content-if-delete-phase,2023-12-11,"Creating Phases for Content, Deleting Phases, Related Articles",Guide,160,No,2f68fa8c0c0944d632dd20e855093b57
113,Who Can Create a Project Phase?,Projects &  Phases25articles,https://help.zipboard.co/article/113-who-can-create-a-project-phase,2023-12-11,"Related Articles, Categories",Guide,31,No,dff763dd750e4e2c22a90258fabd2542
111,How Many Project Phases Can I Create?,Projects &  Phases25articles,https://help.zipboard.co/article/111-how-many-project-phases-can-i-create,2023-12-11,"Related Articles, Categories",Guide,40,No,d5416a2579cb0638e444701f18212a0b
354,How do I Share Files with a Client?,"Image, Video, & Audio Tools and Resources21articles",https://help.zipboard.co/article/354-how-do-i-share-files-with-a-client,2025-01-24,"Step 1: Add the Client to Your Project, Step 2: Share a File with the Client, Step 3: Client Access & Feedback",Guide,348,Yes,33367bb90809a83ae5e95a2c7b282585
161,How to Upload and Review Videos,"Image, Video, & Audio Tools and Resources21articles",https://help.zipboard.co/article/161-video-timestamp-comment,2023-12-11,", Related Articles, Categories",Guide,279,Yes,df0663ebba1ff7a80f4423d382396b35
258,How to Record a Video to Capture Feedback using zipBoard extension?,"Image, Video, & Audio Tools and Resources21articles",https://help.zipboard.co/article/258-can-we-capture-screenshotrecord-video-without-going-to-zipboard,2024-03-20,"Tips for Screen and Self Recording, Related Articles, Categories",Guide,286,Yes,abd49ab607be75c23941be7cd9d4e9eb
400,How to use the Video Recording Tool in zipBoard?,"Image, Video, & Audio Tools and Resources21articles",https://help.zipboard.co/article/400-how-to-record-and-manage-videos-on-zipboard,2024-12-03,"Recording a Video, Tips for Screen and Self Recording, Related Articles",Guide,330,Yes,6439d29ec643ce7fcaf5d0d0dddd2ac2
432,Getting Started with zipBoard: For Learning Designers,"Image, Video, & Audio Tools and Resources21articles",https://help.zipboard.co/article/432-getting-started-with-zipboard-for-learning-designers,2024-11-26,"Step 1:Set Up Your Project, Step 2:Upload Learning Materials, Step 3:Annotate and Review Content",Guide,561,No,0c23c4b54abbf09a25ba9fce6c9585b7
274,Generate Consolidated Reports with zipBoard,"Image, Video, & Audio Tools and Resources21articles",https://help.zipboard.co/article/274-generate-consolidated-reports-with-zipboard,2023-12-13,"Related Articles, Categories",Guide,69,No,bcb11cc2857ad4a0448c4bf948a21edd
35,What is Review Board?,"Image, Video, & Audio Tools and Resources21articles",https://help.zipboard.co/article/35-what-is-review-board,2023-12-13,"Related Articles, Categories",Guide,272,Yes,c697627b2ba59c13044d7d937644bf02
359,How to Review or Get Feedback with MP3 or Audio Files?,"Image, Video, & Audio Tools and Resources21articles",https://help.zipboard.co/article/359-mp3-file-sharing-feature,2024-04-24,"Uploading an MP3 File:, Leaving Comments:, Tips:",Guide,430,Yes,35dbd7c0a0536325fd3a04ee3decdc84
416,How Document Version Control Works in zipBoard?,"Image, Video, & Audio Tools and Resources21articles",https://help.zipboard.co/article/416-how-version-control-works-in-zipboard,2025-03-05,"The Problem with Managing Revisions, The New Version Control Solution, Add New Versions Seamlessly",Guide,461,Yes,02fd82e656a416b24ab14b343d741830
227,Different Share Link Options,"Image, Video, & Audio Tools and Resources21articles",https://help.zipboard.co/article/227-share-link-settings,2025-01-23,"How to Share a File in zipBoard, Managing Share Links, Deleting Share Links",Guide,878,Yes,4f7a8e8b419645fb7187b15d4a33a202
24,Can I upload Multiple Images?,"Image, Video, & Audio Tools and Resources21articles",https://help.zipboard.co/article/24-can-i-upload-multiple-images,2023-12-11,Categories,Guide,28,Yes,7ce38888cc1115e2439786537882508c
42,How to add my screenshots/images to reviewboard?,"Image, Video, & Audio Tools and Resources21articles",https://help.zipboard.co/article/42-how-to-add-my-screenshots-images-to-review-board,2023-12-11,"Related Articles, Categories",Guide,47,Yes,fdd33d0c73709b9891ab0fe1e750b24a
226,"How do I share my website, PDF file, HTML / SCORM file, images or video for commenting?","Image, Video, & Audio Tools and Resources21articles",https://help.zipboard.co/article/226-how-do-i-share-my-website-pdf-file-html-scorm-file-images-or-video,2025-01-23,"1Ô∏è‚É£ Upload Your Content to zipBoard, Steps to Add Content:, 2Ô∏è‚É£ Sharing Your Uploaded Content",Guide,317,Yes,61de8dd55df522477c72bbfd4a2b6a58
168,How to upload images/mocks to zipBoard and get live feedback from people?,"Image, Video, & Audio Tools and Resources21articles",https://help.zipboard.co/article/168-how-to-upload-images-mocks-to-zipboard-and-get-live-feedback-from-people,2024-10-22,Categories,Guide,284,Yes,3dcc8a9a551d88aa283debcb86450002
306,What are the Annotation Tools in zipBoard?,"Image, Video, & Audio Tools and Resources21articles",https://help.zipboard.co/article/306-all-annotation-tools-zipboard,2024-10-18,"Adding annotations, The various annotation tools at your disposal, A. Rectangle",Guide,1400,Yes,43496f9e1cbfa9ea335c17c3b666cba0
160,How to Upload and Review Image Files with zipBoard?,"Image, Video, & Audio Tools and Resources21articles",https://help.zipboard.co/article/160-how-to-upload-and-review-image-files-with-zipboard,2023-12-11,"Related Articles, Categories",Guide,244,No,182871c50efd2c6ffb3d81dd251151d3
265,How to Review and Collaborate on Video Projects,"Image, Video, & Audio Tools and Resources21articles",https://help.zipboard.co/article/265-how-to-review-and-collaborate-on-video-projects,2023-12-11,"Reviewing and Collaborating, Categories",Guide,590,Yes,dc32d231c46d5493631a2c37c6cafed3
361,Can We Tag or Mention Users in Live Annotation Too?,"Image, Video, & Audio Tools and Resources21articles",https://help.zipboard.co/article/361-can-we-tag-users-in-live-annotations-too,2023-12-13,"Mentioning Made Easy, Related Articles, Categories",Guide,180,Yes,5fd413249f242dceafbca1de65f34bd4
391,How to Use Clear Text Boxes?,"Image, Video, & Audio Tools and Resources21articles",https://help.zipboard.co/article/391-how-to-create-transparent-text-boxes,2023-12-13,"Related Articles, Categories",Guide,148,Yes,818a54d9dd2d97b25bcde36aa55febd5
167,How to Annotate a Recorded Video Using zipBoard?,"Image, Video, & Audio Tools and Resources21articles",https://help.zipboard.co/article/167-how-to-annotate-a-recorded-video-using-zipboard,2024-10-18,Categories,Guide,100,Yes,ef4d25fe751201c45ca03016d68d77a9
353,Can I add a text annotation in a PDF and make it a task/comment?,PDF Tools and Resources22articles,https://help.zipboard.co/article/353-can-i-add-text-annotation-in-pdf-and-make-it-a-task-comment,2024-10-02,"üì£We have an UPDATEüì£üéâPlease go to this link., Related Articles, Categories",Guide,202,Yes,4bdc978c86c1196a09eee3132b3736b2
354,How do I Share Files with a Client?,PDF Tools and Resources22articles,https://help.zipboard.co/article/354-how-do-i-share-files-with-a-client,2025-01-24,"Step 1: Add the Client to Your Project, Step 2: Share a File with the Client, Step 3: Client Access & Feedback",Guide,348,Yes,33367bb90809a83ae5e95a2c7b282585
258,How to Record a Video to Capture Feedback using zipBoard extension?,PDF Tools and Resources22articles,https://help.zipboard.co/article/258-can-we-capture-screenshotrecord-video-without-going-to-zipboard,2024-03-20,"Tips for Screen and Self Recording, Related Articles, Categories",Guide,286,Yes,abd49ab607be75c23941be7cd9d4e9eb
441,Streamlining Large-Scale File Uploads with Bulk Upload in zipBoard,PDF Tools and Resources22articles,https://help.zipboard.co/article/441-streamlining-file-uploads-with-bulk-upload-in-zipboard,2025-02-19,"Introducing zipBoard Bulk Upload: A Smarter Way toHandle Large File Volumes, Why zipBoard Bulk Uploadin zipBoard Matters for Large Projects, How to Use Bulk Upload in zipBoard",Guide,474,Yes,b3315618db50e25ff62e28ec36bf42ba
432,Getting Started with zipBoard: For Learning Designers,PDF Tools and Resources22articles,https://help.zipboard.co/article/432-getting-started-with-zipboard-for-learning-designers,2024-11-26,"Step 1:Set Up Your Project, Step 2:Upload Learning Materials, Step 3:Annotate and Review Content",Guide,561,No,0c23c4b54abbf09a25ba9fce6c9585b7
35,What is Review Board?,PDF Tools and Resources22articles,https://help.zipboard.co/article/35-what-is-review-board,2023-12-13,"Related Articles, Categories",Guide,272,Yes,c697627b2ba59c13044d7d937644bf02
300,How to Upload a PDF file,PDF Tools and Resources22articles,https://help.zipboard.co/article/300-how-to-upload-a-pdf-file,2023-12-11,Categories,Guide,14,Yes,37235ef6de074abc55d5fb1632a4304b
434,Getting Started with zipBoard: For Technical Writers,PDF Tools and Resources22articles,https://help.zipboard.co/article/434-getting-started-with-zipboard-for-technical-writers,2024-11-26,"Step 1:Set Up Your Project, Step 2:Upload Your PDF Document, Step 3:Annotate and Review the Document",Guide,496,No,98ce5f3a465b4665ef618715e0596f08
450,How to Share PDFs Without Login or Signup (No Software Needed),PDF Tools and Resources22articles,https://help.zipboard.co/article/450-how-to-share-pdfs-without-login-for-seamless-collaboration,2025-03-28,"Effortless Guest Review with zipBoard, Why This Feature Matters, Share PDFs Without Login in 5 Simple Steps",Guide,446,Yes,c4cb2acce14688871e594388db841db2
416,How Document Version Control Works in zipBoard?,PDF Tools and Resources22articles,https://help.zipboard.co/article/416-how-version-control-works-in-zipboard,2025-03-05,"The Problem with Managing Revisions, The New Version Control Solution, Add New Versions Seamlessly",Guide,461,Yes,02fd82e656a416b24ab14b343d741830
227,Different Share Link Options,PDF Tools and Resources22articles,https://help.zipboard.co/article/227-share-link-settings,2025-01-23,"How to Share a File in zipBoard, Managing Share Links, Deleting Share Links",Guide,878,Yes,4f7a8e8b419645fb7187b15d4a33a202
444,Enhancing PDF Collaboration: How to Draw on a PDF in zipBoard,PDF Tools and Resources22articles,https://help.zipboard.co/article/444-enhancing-pdf-collaboration-how-to-draw-on-a-pdf-in-zipboard,2025-03-14,"Seamless PDF Annotation with zipBoard, How zipBoard‚Äôs PDF Markup Tool Streamlines Your Workflow?, Why Teams Love zipBoard‚Äôs PDF Markup Tools",Guide,1030,Yes,9cbc618e1f1c2f41683fac02e9de662e
159,How to Review and Get Feedback on PDF Content?,PDF Tools and Resources22articles,https://help.zipboard.co/article/159-how-can-i-get-feedback-on-pdf-content,2024-09-27,"üì£We have an UPDATEüì£üéâPlease go to this link., Related Articles, Categories",Guide,134,Yes,403f336863f3cd0cf3e5674fbbb20b80
431,Getting Started with zipBoard: For AEC Professionals,PDF Tools and Resources22articles,https://help.zipboard.co/article/431-getting-started-with-zipboard-for-aec-professionals,2024-11-26,"Step 1:Upload Construction Documents (PDFs), Step 2:Annotate and Review, Step 3:Version Control",Guide,506,No,5780c39b26b5e7d40286dffcc7b24642
427,How to Download PDFs with Annotations and Comments in zipBoard,PDF Tools and Resources22articles,https://help.zipboard.co/article/427-how-to-download-pdfs-with-annotations-and-comments-in-zipboard,2024-10-31,"Step-by-Step Guide to Download PDFs with Annotations, 1. Open the Project, 2. Select the PDF File",Guide,340,Yes,ce3026199f09903cc4cd1378b4c258e0
226,"How do I share my website, PDF file, HTML / SCORM file, images or video for commenting?",PDF Tools and Resources22articles,https://help.zipboard.co/article/226-how-do-i-share-my-website-pdf-file-html-scorm-file-images-or-video,2025-01-23,"1Ô∏è‚É£ Upload Your Content to zipBoard, Steps to Add Content:, 2Ô∏è‚É£ Sharing Your Uploaded Content",Guide,317,Yes,61de8dd55df522477c72bbfd4a2b6a58
414,Streamlining PDF Collaboration with our Latest Tools!,PDF Tools and Resources22articles,https://help.zipboard.co/article/414-streamlining-aec-collaboration-with-zipboard,2024-12-03,"Panels:, View Controls:, Zooming Options:",Guide,1043,Yes,edcd3fb37264312aee3cf5db6ec29dd9
306,What are the Annotation Tools in zipBoard?,PDF Tools and Resources22articles,https://help.zipboard.co/article/306-all-annotation-tools-zipboard,2024-10-18,"Adding annotations, The various annotation tools at your disposal, A. Rectangle",Guide,1400,Yes,43496f9e1cbfa9ea335c17c3b666cba0
361,Can We Tag or Mention Users in Live Annotation Too?,PDF Tools and Resources22articles,https://help.zipboard.co/article/361-can-we-tag-users-in-live-annotations-too,2023-12-13,"Mentioning Made Easy, Related Articles, Categories",Guide,180,Yes,5fd413249f242dceafbca1de65f34bd4
391,How to Use Clear Text Boxes?,PDF Tools and Resources22articles,https://help.zipboard.co/article/391-how-to-create-transparent-text-boxes,2023-12-13,"Related Articles, Categories",Guide,148,Yes,818a54d9dd2d97b25bcde36aa55febd5
453,How to Set Up a Website Feedback Workflow,URL & ZIP Tools and Resources22articles,https://help.zipboard.co/article/453-how-to-set-up-a-website-feedback-workflow,2025-05-07,"Step 1: Create a New Project in zipBoard, Step 2: Define Your Review Phases, Step 3: Add Your Team, Clients, and Stakeholders",Guide,790,Yes,a7eb50f17aadc651bcac8ad339d07131
354,How do I Share Files with a Client?,URL & ZIP Tools and Resources22articles,https://help.zipboard.co/article/354-how-do-i-share-files-with-a-client,2025-01-24,"Step 1: Add the Client to Your Project, Step 2: Share a File with the Client, Step 3: Client Access & Feedback",Guide,348,Yes,33367bb90809a83ae5e95a2c7b282585
433,Getting Started with zipBoard: For Web Designers,URL & ZIP Tools and Resources22articles,https://help.zipboard.co/article/433-getting-started-with-zipboard-for-web-designers,2024-11-26,"Step 1:Set Up Your Project, Step 2:Add Your Website for Review, Step 3:Annotate and Provide Feedback",Guide,514,No,7004a7e529a9c4695f777c40b0f726c1
258,How to Record a Video to Capture Feedback using zipBoard extension?,URL & ZIP Tools and Resources22articles,https://help.zipboard.co/article/258-can-we-capture-screenshotrecord-video-without-going-to-zipboard,2024-03-20,"Tips for Screen and Self Recording, Related Articles, Categories",Guide,286,Yes,abd49ab607be75c23941be7cd9d4e9eb
432,Getting Started with zipBoard: For Learning Designers,URL & ZIP Tools and Resources22articles,https://help.zipboard.co/article/432-getting-started-with-zipboard-for-learning-designers,2024-11-26,"Step 1:Set Up Your Project, Step 2:Upload Learning Materials, Step 3:Annotate and Review Content",Guide,561,No,0c23c4b54abbf09a25ba9fce6c9585b7
196,How to Add and Review Webpages/Websites Using zipBoard,URL & ZIP Tools and Resources22articles,https://help.zipboard.co/article/196-how-to-review-webpages-using-zipboard,2025-05-07,Categories,Guide,253,Yes,fd205eaedd2f833fb509ec9c28775b7c
35,What is Review Board?,URL & ZIP Tools and Resources22articles,https://help.zipboard.co/article/35-what-is-review-board,2023-12-13,"Related Articles, Categories",Guide,272,Yes,c697627b2ba59c13044d7d937644bf02
416,How Document Version Control Works in zipBoard?,URL & ZIP Tools and Resources22articles,https://help.zipboard.co/article/416-how-version-control-works-in-zipboard,2025-03-05,"The Problem with Managing Revisions, The New Version Control Solution, Add New Versions Seamlessly",Guide,461,Yes,02fd82e656a416b24ab14b343d741830
227,Different Share Link Options,URL & ZIP Tools and Resources22articles,https://help.zipboard.co/article/227-share-link-settings,2025-01-23,"How to Share a File in zipBoard, Managing Share Links, Deleting Share Links",Guide,878,Yes,4f7a8e8b419645fb7187b15d4a33a202
25,"I uploaded a zip  file, but it's stuck. What should I do?",URL & ZIP Tools and Resources22articles,https://help.zipboard.co/article/25-i-upload-a-file-but-its-stuck-what-should-i-do,2023-11-16,"Related Articles, Categories",Guide,72,No,aad773a13c24847c91e600b7ed2ce0e8
409,Best Practices for Creating SCORM Courses / HTML that Work in zipBoard,URL & ZIP Tools and Resources22articles,https://help.zipboard.co/article/409-best-practices-for-creating-scorm-courses-html-that-work-in-zipboard,2024-05-08,"Understanding zipBoard Functionality, Challenges with Webpages and Courses:, Requirements for Direct Annotation in zipBoard",Guide,496,No,f6710eff51c53d5b80c25cdfdb03b925
410,How to Add a Start File?,URL & ZIP Tools and Resources22articles,https://help.zipboard.co/article/410-how-to-add-a-start-file,2024-05-23,"What's a Start File?, Why is This Happening?, Why You Might Need to Add One?",Guide,284,Yes,9caf06ba6501bce8d926a10411c3ef6d
226,"How do I share my website, PDF file, HTML / SCORM file, images or video for commenting?",URL & ZIP Tools and Resources22articles,https://help.zipboard.co/article/226-how-do-i-share-my-website-pdf-file-html-scorm-file-images-or-video,2025-01-23,"1Ô∏è‚É£ Upload Your Content to zipBoard, Steps to Add Content:, 2Ô∏è‚É£ Sharing Your Uploaded Content",Guide,317,Yes,61de8dd55df522477c72bbfd4a2b6a58
455,How to Annotate a Live Website,URL & ZIP Tools and Resources22articles,https://help.zipboard.co/article/455-how-to-annotate-a-live-website,2025-05-07,"What Does It Mean to Annotate a Website?, Why Annotate a Website?, How to Annotate a Live Website in zipBoard (Step-by-Step)",Guide,610,Yes,1670cf503338cc735ff06d3258f9536e
306,What are the Annotation Tools in zipBoard?,URL & ZIP Tools and Resources22articles,https://help.zipboard.co/article/306-all-annotation-tools-zipboard,2024-10-18,"Adding annotations, The various annotation tools at your disposal, A. Rectangle",Guide,1400,Yes,43496f9e1cbfa9ea335c17c3b666cba0
157,How can I get my web hosted content reviewed with zipBoard?,URL & ZIP Tools and Resources22articles,https://help.zipboard.co/article/157-how-can-i-get-my-web-hosted-content-reviewed-with-zipboard,2024-02-27,"Related Articles, Categories",Guide,180,Yes,75de7c4076bc2e653f918e43c897ea7e
193,Can I add multiple files or URLs within 1 project?,URL & ZIP Tools and Resources22articles,https://help.zipboard.co/article/193-can-i-add-multiple-files-or-urls-within-1-project,2025-01-21,"Related Articles, Categories",Guide,180,No,a99c154a1f2915fe231e62db5eb934c2
158,How to Upload and Review SCORM or Valid HTML Content with zipBoard?,URL & ZIP Tools and Resources22articles,https://help.zipboard.co/article/158-how-to-upload-and-review-scorm-valid-html-content-with-zipboard,2024-05-23,Categories,Guide,321,Yes,a69c5458027768279c4b9e68b02f5ff7
391,How to Use Clear Text Boxes?,URL & ZIP Tools and Resources22articles,https://help.zipboard.co/article/391-how-to-create-transparent-text-boxes,2023-12-13,"Related Articles, Categories",Guide,148,Yes,818a54d9dd2d97b25bcde36aa55febd5
388,How to Review a ZIP file,URL & ZIP Tools and Resources22articles,https://help.zipboard.co/article/388-how-to-review-a-zip-file,2023-11-16,"Related Articles, Categories",Guide,22,No,f9fd7d061951bcd234e22bb796df50a7
329,Managing Share Links,Sharing Files with External Collaborators14articles,https://help.zipboard.co/article/329-managing-share-links,2025-01-23,"How to Manage Share Links in zipBoard, 1Ô∏è‚É£ Open the Share Links Panel, Deleting Share Links",Guide,336,Yes,c8aa54a95871e9dbf8edd53addda3206
334,"I've been given a share link with View All Boards/Reviews Only access, now what?",Sharing Files with External Collaborators14articles,https://help.zipboard.co/article/334-ive-been-given-a-share-link-with-view-all-boards-comments-only-access,2024-10-18,"Related Articles, Categories",Guide,189,Yes,0532e5f4a30c8305d3f4577466231963
234,What happens if we delete shared link for review to users?,Sharing Files with External Collaborators14articles,https://help.zipboard.co/article/234-what-happens-if-we-delete-shared-link-for-review-to-users,2023-12-14,"Related Articles, Categories",Guide,48,No,89531d6ee9da7718bfda147bcb18af9a
338,"I've been given a share link with Required Signup/Login + View All Boards/Comments access, now what?",Sharing Files with External Collaborators14articles,https://help.zipboard.co/article/338-ive-been-given-a-share-link-with-required-signup-login-and-view-all-boards-comments-access-now-what,2024-08-29,"Related Articles, Categories",Guide,177,Yes,c245fa01b3f0125aa125ee95b6bc36a0
349,How to Use the Share Link Security Features,Sharing Files with External Collaborators14articles,https://help.zipboard.co/article/349-how-to-use-the-share-link-security-features,2025-01-23,"1Ô∏è‚É£ Accessing the Share Link Section, How to Access the Share Link Section:, Setting Up Password Protection",Guide,436,Yes,275e438911f53cf9d703b1edf0f6d670
339,"I've been given a share link with Required Signup/Login + Add New Boards/Reviews access, now what?",Sharing Files with External Collaborators14articles,https://help.zipboard.co/article/339-ive-been-given-a-share-link-with-required-signup-login-and-add-new-boards-reviews-access-now-what,2024-08-29,"Related Articles, Categories",Guide,159,Yes,67f55ec288a34fb49e7932a46ffecd59
226,"How do I share my website, PDF file, HTML / SCORM file, images or video for commenting?",Sharing Files with External Collaborators14articles,https://help.zipboard.co/article/226-how-do-i-share-my-website-pdf-file-html-scorm-file-images-or-video,2025-01-23,"1Ô∏è‚É£ Upload Your Content to zipBoard, Steps to Add Content:, 2Ô∏è‚É£ Sharing Your Uploaded Content",Guide,317,Yes,61de8dd55df522477c72bbfd4a2b6a58
328,The Various Permissions You Can Grant When Using Share Links in zipBoard,Sharing Files with External Collaborators14articles,https://help.zipboard.co/article/328-the-various-permissions-you-can-grant-when-using-share-links,2025-01-23,"Enabling Different Permissions Simultaneously, Managing Your Share Links, Next Steps",Guide,486,Yes,0ad30907b8a8751342b12fbc5ecd9fc3
416,How Document Version Control Works in zipBoard?,Sharing Files with External Collaborators14articles,https://help.zipboard.co/article/416-how-version-control-works-in-zipboard,2025-03-05,"The Problem with Managing Revisions, The New Version Control Solution, Add New Versions Seamlessly",Guide,461,Yes,02fd82e656a416b24ab14b343d741830
227,Different Share Link Options,Sharing Files with External Collaborators14articles,https://help.zipboard.co/article/227-share-link-settings,2025-01-23,"How to Share a File in zipBoard, Managing Share Links, Deleting Share Links",Guide,878,Yes,4f7a8e8b419645fb7187b15d4a33a202
335,"I've been given a share link with Add New Boards/Reviews Only access, now what?",Sharing Files with External Collaborators14articles,https://help.zipboard.co/article/335-ive-been-given-a-share-link-with-add-new-boards-reviews-only-access,2024-10-18,"Related Articles, Categories",Guide,142,Yes,8be0e56c2ae157e2bf47a754079133a8
340,"I've been given a share link with Required Signup/Login, + View All + Add New Boards/Reviews access, now what?",Sharing Files with External Collaborators14articles,https://help.zipboard.co/article/340-ive-been-given-a-share-link-with-required-signup-login-view-all-and-add-new-boards-reviews-access-now-what,2024-10-18,"Related Articles, Categories",Guide,198,Yes,13ea5115a2188e62a5a0485e6b8bc7b6
327,"So I've been given a zipBoard share link, now what?",Sharing Files with External Collaborators14articles,https://help.zipboard.co/article/327-so-ive-been-given-a-zipboard-share-link-now-what,2024-08-29,"Share Links, Using Share Links to Review Uploads, Related Articles",Guide,388,Yes,2abad301367cdab9717dee0e9438894b
336,"I've been given a share link with View All + Add New Boards/Reviews access, now what?",Sharing Files with External Collaborators14articles,https://help.zipboard.co/article/336-ive-been-given-a-share-link-with-view-all-and-add-new-boards-reviews-access,2024-10-18,"Related Articles, Categories",Guide,176,Yes,d04295576797b12fec24a4829d957327
231,Getting Feedback,Client Sharing & Feedback10articles,https://help.zipboard.co/article/231-getting-feedback,2024-10-22,"Related Articles, Categories",Guide,207,Yes,088418b3204176b80cefd418c1a34774
354,How do I Share Files with a Client?,Client Sharing & Feedback10articles,https://help.zipboard.co/article/354-how-do-i-share-files-with-a-client,2025-01-24,"Step 1: Add the Client to Your Project, Step 2: Share a File with the Client, Step 3: Client Access & Feedback",Guide,348,Yes,33367bb90809a83ae5e95a2c7b282585
223,Reviewing Client Feedback and Adding It to the Development Workflow,Client Sharing & Feedback10articles,https://help.zipboard.co/article/223-can-client-convert-feedback-from-other-stackholders,2025-01-24,"Ready to Try zipBoard?, Related Articles, Categories",Guide,371,Yes,9dc7164d72812db619c75ab01791caaf
168,How to upload images/mocks to zipBoard and get live feedback from people?,Client Sharing & Feedback10articles,https://help.zipboard.co/article/168-how-to-upload-images-mocks-to-zipboard-and-get-live-feedback-from-people,2024-10-22,Categories,Guide,284,Yes,3dcc8a9a551d88aa283debcb86450002
137,How to Track and Prioritise the Feedback from Guest in zipBoard?,Client Sharing & Feedback10articles,https://help.zipboard.co/article/137-how-to-track-and-prioritise-the-feddback-from-guest-in-zipboard,2025-03-24,"Take the actionable items as tasks, Reply to questions and remarks, Track/View/Update the Task status",Guide,180,Yes,160d76c74123d0e66b0b9dd4727b385f
331,"My clients aren‚Äôt comfortable downloading a browser extension, is there another way to receive feedback?",Client Sharing & Feedback10articles,https://help.zipboard.co/article/331-another-way-to-receive-client-feedback,2022-12-21,Categories,Guide,135,No,77ebd59d56857e2af61c507158be80a3
437,How to Control Client Access When Sharing Files in zipBoard,Client Sharing & Feedback10articles,https://help.zipboard.co/article/437-how-to-control-client-access-in-zipboard-file-sharing-made-simple,2025-02-05,"üîë Key Benefits of Enhanced Client Sharing, ‚ùìHow to Use the New Access Control Features, Error and Success Messages",Guide,691,Yes,5de0e5a0b5cd23c771fcb0f7530806e7
136,How to Get Feedback from Guests in zipBoard?,Client Sharing & Feedback10articles,https://help.zipboard.co/article/136-how-to-share-a-file-in-zipboard,2025-01-23,"1Ô∏è‚É£ Generating a Shareable Link for Guests, 2Ô∏è‚É£ Setting Permissions for Guest Feedback, 3Ô∏è‚É£ Reviewing Guest Feedback",Guide,289,Yes,46cd5d7cbe4f07b44039c4d601b92cd2
454,How to Invite Clients & Users to Review a Website (No Login Needed),Client Sharing & Feedback10articles,https://help.zipboard.co/article/454-how-to-invite-clients-users-to-review-a-website-no-login-needed,2025-05-07,"How It Works: Collect Website Feedback Without Forcing a Login, How to Invite Clients and Users to Review a Website in zipBoard, For Clients",Guide,627,Yes,d3ce6c564e166e9b52fd66a6669f8553
90,Streamlining External Stakeholder Feedback for Digital Content Reviews,Client Sharing & Feedback10articles,https://help.zipboard.co/article/90-i-need-to-share-my-zipboard-project-with-my-stakeholders-but-don-t-want-to-add-them-as-collaborators-is-there-a-way-to-do-that,2024-10-22,"Related Articles, Categories",Guide,182,Yes,746fcce28d073600bd1ded1f15a4ade9
423,Getting Started with AI-Powered Task Types,"Tags, Status, & Task Manager38articles",https://help.zipboard.co/article/423-getting-started-and-using-ai-powered-task-types-in-zipboard,2024-10-09,"What are AI-Powered Task Types?, Key Benefits:, How to Access and Enable AI-Powered Task Types",Guide,238,Yes,118be520426054e6b8c7d3ed67ac2521
272,Manage Tasks Better with zipBoard,"Tags, Status, & Task Manager38articles",https://help.zipboard.co/article/272-manage-tasks-better-with-zipboard,2024-10-09,"üìå We have new updates!Please visit this link., Related Articles, Categories",Guide,169,Yes,8d30b5bcc6693eef760ede7daa46c3b5
56,How can I view all tasks assigned to me in a particular project?,"Tags, Status, & Task Manager38articles",https://help.zipboard.co/article/56-how-can-i-view-all-tasks-assigned-to-me,2020-03-31,"Related Articles, Categories",Guide,57,Yes,3007412c36bfabbbc0d24f87ec2b5e18
216,How to Edit tags?,"Tags, Status, & Task Manager38articles",https://help.zipboard.co/article/216-how-to-edit-tags,2024-10-18,"Related Articles, Categories",Guide,272,Yes,1d9311aeb877982f3fb183c16cf46d1d
129,How to Create or Modify a Task?,"Tags, Status, & Task Manager38articles",https://help.zipboard.co/article/129-create-and-modify-a-task,2023-12-27,"Adding a task from the task manager, Adding a task during review, Modify an existing task",Guide,607,Yes,bbe8ebf52cf4f67c34a9a6ccfaccd14e
84,What  Information is Available/Can be Populated in a Task Once it is Created?,"Tags, Status, & Task Manager38articles",https://help.zipboard.co/article/84-what-information-is-availablecan-be-populated-in-a-task-once-it-is-created,2023-12-27,"Related Articles, Categories",Guide,200,Yes,986708ea87b1b89ef9a877113d76dfe3
61,Power of Tags: A Comprehensive Guide,"Tags, Status, & Task Manager38articles",https://help.zipboard.co/article/61-what-is-the-add-tags-feature,2023-12-27,"Related Articles, Categories",Guide,418,Yes,7f411787c9bcd64ab4349c3a56269eee
422,Simplify Task Management with AI-Powered Task Types,"Tags, Status, & Task Manager38articles",https://help.zipboard.co/article/422-managing-task-types-at-the-project-level,2024-10-09,"Who Can Add, Set, and Delete Task Types?, Default Task in Project Level, Next Steps:Getting Started with AI-Powered Task Types",Guide,207,Yes,1a757a1898a3ce495ee4a3f38dfa3626
54,How is a Task Different from a Comment?,"Tags, Status, & Task Manager38articles",https://help.zipboard.co/article/54-how-is-a-task-different-from-a-comment,2023-12-27,"Related Articles, Categories",Guide,72,Yes,6b89897632e2dd903eacb78b9565c94e
51,How do I Access the Task Manager?,"Tags, Status, & Task Manager38articles",https://help.zipboard.co/article/51-how-do-i-access-the-task-manager,2023-12-27,"Related Articles, Categories",Guide,50,Yes,3da67150902329f33b1f76f91dab6dd0
59,How do I Mark a Task as Resolved?,"Tags, Status, & Task Manager38articles",https://help.zipboard.co/article/59-how-do-i-mark-a-task-as-resolved,2023-12-27,"Related Articles, Categories",Guide,37,Yes,d1d0559b585163efc925139f5873c1f1
60,How do I Assign a Task to Someone?,"Tags, Status, & Task Manager38articles",https://help.zipboard.co/article/60-how-do-i-assign-a-task-to-someone,2023-12-27,"Related Articles, Categories",Guide,54,Yes,39033b8295e19259c9e2f096bc633fc4
429,How to Use AI-Powered Autotagging for Tasks,"Tags, Status, & Task Manager38articles",https://help.zipboard.co/article/429-how-to-use-ai-powered-autotagging-for-tasks,2024-12-03,"How It Works, Why Use AI-Powered Autotagging?, Next: How to Auto-Tag Files",Guide,350,Yes,54a10ca4dfdff0aa32733a6e603343b7
58,How do I Edit a Task?,"Tags, Status, & Task Manager38articles",https://help.zipboard.co/article/58-how-do-i-edit-a-task,2023-12-27,"Related Articles, Categories",Guide,94,Yes,0392a412808148d6927c0e5bd20c51d1
144,Can I access all my tasks across all projects at one place ?,"Tags, Status, & Task Manager38articles",https://help.zipboard.co/article/144-can-i-access-all-my-tasks-across-all-projects-at-one-place,2020-04-03,"Related Articles, Categories",Guide,40,Yes,85377b7d553dbfc7b7e1b6bd66e1cb7a
430,How to Auto-Tag Files,"Tags, Status, & Task Manager38articles",https://help.zipboard.co/article/430-how-to-use-auto-tagging-for-files,2024-12-03,"How It Works, Why Use Auto-Tagging for Files?, Related Articles",Guide,325,Yes,853cd99de56e2fc054a54274eec3735a
152,How Can Tags be Managed Better with Enterprise Account?,"Tags, Status, & Task Manager38articles",https://help.zipboard.co/article/152-how-can-tags-be-managed-better-with-enterprise-account,2023-12-27,"Related Articles, Categories",Guide,87,Yes,83bf76e971081845c0c1b733cad40953
52,How do I add New Tasks?,"Tags, Status, & Task Manager38articles",https://help.zipboard.co/article/52-how-do-i-add-new-tasks,2023-12-27,"Related Articles, Categories",Guide,109,Yes,9c719eea832b92167eca78162eb4602c
202,How to Use the Task Manager in zipBoard,"Tags, Status, & Task Manager38articles",https://help.zipboard.co/article/202-how-to-use-the-task-manager-in-zipboard,2024-01-23,"Related Articles, Categories",Guide,284,Yes,00f77734a305461a806dc66b3c331827
424,Using AI-Powered Task Types in zipBoard,"Tags, Status, & Task Manager38articles",https://help.zipboard.co/article/424-using-ai-powered-task-types-in-zipboard,2024-10-09,"How to Use AI-Powered Task Types, Next Steps:Customizing Your Task Types in zipBoard, Related Articles",Guide,284,Yes,7a3766bf3c598d502bc8cd20a01c3225
143,Can I Delete my Account?,Account & Management14articles,https://help.zipboard.co/article/143-can-i-delete-my-account,2023-12-28,"Related Articles, Categories",Guide,66,Yes,d79d17c75470c5e759e1ef94f9e87139
82,Can I Change my Plan?,Account & Management14articles,https://help.zipboard.co/article/82-can-i-change-my-plan,2023-12-28,"Related Articles, Categories",Guide,66,Yes,30e55d2573545c86b4bc31bdbc0eb11e
284,Enterprise Plan : What to expect?,Account & Management14articles,https://help.zipboard.co/article/284-enterprise-plan-what-to-expect,2024-10-22,"Related Articles, Categories",Guide,102,No,5ca775dde6a322f238ba791174fe2000
81,Which Plan is Right for me?,Account & Management14articles,https://help.zipboard.co/article/81-what-plan-is-right-for-me,2023-12-28,"Related Articles, Categories",Guide,98,Yes,a7720714071b9ae619f55778e8f7aabf
392,Change Email Address in zipBoard Account,Account & Management14articles,https://help.zipboard.co/article/392-change-email-address-in-zipboard-account,2023-12-14,"Related Articles, Categories",Guide,129,Yes,76ace1c57e61609fac29875e9ecad924
428,Managing Your Billing and Subscription,Account & Management14articles,https://help.zipboard.co/article/428-managing-your-billing-and-subscription,2024-10-30,"Overview, What Happens After the Free Trial Ends?, How to Switch Plans or Update Payment Details",Guide,158,No,618e87fe82b7ec4a68cca1782715aa3f
154,Can I Host my zipBoard Account on a Private Cloud?,Account & Management14articles,https://help.zipboard.co/article/154-can-i-host-my-zipboard-account-on-a-private-cloud,2023-12-28,"Related Articles, Categories",Guide,62,No,e4d09a958966a1171d77751d5bc9a7ba
149,What Custom Branding Options are Available with zipBoard Enterprise Plan?,Account & Management14articles,https://help.zipboard.co/article/149-what-custom-branding-options-are-available-with-zipboard-enterprise-plan,2023-12-28,"Related Articles, Categories",Guide,37,Yes,f542c8ab7caa8c958b43138e4460ce38
153,What Options Does the Custom Pricing Plan Offers?,Account & Management14articles,https://help.zipboard.co/article/153-what-options-does-the-custom-pricing-plan-offers,2023-12-28,"Related Articles, Categories",Guide,83,No,e8e1ecb262ad9cac772eb5a147361827
283,zipBoard pricing update: 12th March 2021,Account & Management14articles,https://help.zipboard.co/article/283-zipboard-pricing-update-march-2021,2024-10-18,"Why did the pricing plan change?, I created my account before this change. What happens to me?, What will happen to my data if my free trial expires?",Guide,476,No,242058a6e9d1b65a8b154af2c8ad796e
194,What Payment Methods Do You Support?,Account & Management14articles,https://help.zipboard.co/article/194-what-payment-methods-do-you-support,2023-12-28,"Related Articles, Categories",Guide,29,No,a60cd5a4a30fe6f36e553e60736dfa1b
148,Why Should I go for an Enterprise Plan?,Account & Management14articles,https://help.zipboard.co/article/148-why-should-i-go-for-an-enterprise-plan,2023-12-28,"Related Articles, Categories",Guide,113,Yes,86a7c6a8b71c8bb11cf7c9097f379930
435,zipBoard Pricing FAQ,Account & Management14articles,https://help.zipboard.co/article/435-zipboard-pricing-faq,2024-11-27,"1. What is zipBoard‚Äôs Team Plan, and how does pricing work?, 2. Can I get a customized monthly plan for my team?, 3. What is zipBoard's pricing for different numbers of content items?",Guide,413,No,34769f9c898a7a3c269a5fd4ea2ed631
155,If i need a plan for 30 projects. Would that be possible?,Account & Management14articles,https://help.zipboard.co/article/155-if-i-need-a-plan-for-30-projects-would-that-be-possible,2023-12-28,"Related Articles, Categories",Guide,56,No,694b141779a8412724d8c79e25a6f2ed
247,Can I Sign in Using a  Microsoft Account  to  zipBoard?,Microsoft Integration3articles,https://help.zipboard.co/article/247-can-i-sign-in-using-a-microsoft-account-with-zipboard,2023-12-28,"Related Articles, Categories",Guide,75,Yes,8a2c7619773d844b30b8bdb418a19cf4
421,Getting Started with the zipBoard Add-in for Microsoft Outlook,Microsoft Integration3articles,https://help.zipboard.co/article/421-zipboard-add-in-for-microsoft-outlook,2025-01-21,"Step 1: Installing the zipBoard Add-in, Step 2: Accessing the zipBoard Add-in, Step 3: Logging in to the zipBoard Add-in",Guide,459,Yes,27f1fe5fe19b81594176f466d4e266c5
255,How to Work with Microsoft Teams App with zipBoard Integrated in it?,Microsoft Integration3articles,https://help.zipboard.co/article/255-how-to-work-with-microsoft-teams-app-with-zipboard-integrated-in-it,2023-12-28,Categories,Guide,187,Yes,2204d29c6028d7919525d126bcd29970
62,Does zipBoard integrate with JIRA?,JIRA Integration12articles,https://help.zipboard.co/article/62-does-zipboard-integrate-with-jira,2023-12-28,"Related Articles, Categories",Guide,90,No,b7b9b859c5e9a20ae02c7a2b737fed2a
66,How Do I view the Associated JIRA Issues Directly?,JIRA Integration12articles,https://help.zipboard.co/article/66-how-do-i-view-the-associated-jira-issues-directly,2023-12-28,"Related Articles, Categories",Guide,84,Yes,2c4209464779354a0b890e8b0621b39a
64,How are Statuses Mapped between zipBoard and JIRA?,JIRA Integration12articles,https://help.zipboard.co/article/64-how-are-statuses-and-priorities-mapped-between-zipboard-and-jira,2024-01-04,"Related Articles, Categories",Guide,26,Yes,56358e53a1d347ce7bebbcf24e071c8a
257,What's next after zipBoard account integrated at organization level with JIRA?,JIRA Integration12articles,https://help.zipboard.co/article/257-whats-next-after-zipboard-account-integrated-at-organization-level-with-jira,2023-12-28,"Related Articles, Categories",Guide,67,Yes,6cb521537043092be5ec85a7aabd4deb
285,How Do I Enable Webhooks to Receive Updates from JIRA?,JIRA Integration12articles,https://help.zipboard.co/article/285-how-do-i-enable-webhooks-to-receive-updates-from-jira,2023-12-28,"Related Articles, Categories",Guide,100,Yes,bfab24524d03a35f13c74efbc7f9ecbe
282,Can We See Error Logs in zipBoard Related to JIRA Integration?,JIRA Integration12articles,https://help.zipboard.co/article/282-can-we-see-error-logs-in-zipboard-related-to-jira-integration,2023-12-28,"Related Articles, Categories",Guide,59,Yes,f1c4bb0464a8461cd0c4b5129ecb2efd
256,Does zipboard Support Two Way Communication with JIRA,JIRA Integration12articles,https://help.zipboard.co/article/256-does-zipboard-support-two-way-communication-with-jira,2023-12-28,"Related Articles, Categories",Guide,93,Yes,4f6d26d50ad00896aea1808e6776a20e
68,"I'm getting the ""Unable to authenticate error"" when integrating with JIRA. What should I do?",JIRA Integration12articles,https://help.zipboard.co/article/68-im-getting-the-unable-to-authenticate-error-when-integrating-with-jira-what-should-i-do,2023-12-28,"Related Articles, Categories",Guide,131,No,b7c82601393700441e02566a180e64f6
65,How do I Remove zipBoard's Integration with JIRA?,JIRA Integration12articles,https://help.zipboard.co/article/65-how-do-i-remove-zipboards-integration-with-jira,2023-12-28,Categories,Guide,64,Yes,788a1b6e30d56c8297442868e7df3d84
308,How Do I Re-authenticate my JIRA Integration,JIRA Integration12articles,https://help.zipboard.co/article/308-how-do-i-re-authenticate-my-jira-integration,2023-12-28,"Re-authenticating your connection to your JIRA account, Categories",Guide,182,Yes,29751b3af8faaa3389565f0605b91d36
63,How do I Integrate zipBoard with JIRA?,JIRA Integration12articles,https://help.zipboard.co/article/63-how-do-i-integrate-zipboard-with-jira,2023-12-28,Categories,Guide,351,Yes,462fd7173c42d1dd06c0f32ab50624d8
67,How do I Edit JIRA's Integration Settings?,JIRA Integration12articles,https://help.zipboard.co/article/67-how-do-i-edit-jiras-integration-settings,2023-12-28,"Related Articles, Categories",Guide,36,No,4c70b82d29c8e2a7cccbb34868a743f9
209,How do I View the Associated WRIKE issues directly?,WRIKE Integration7articles,https://help.zipboard.co/article/209-how-do-i-view-the-associated-wrike-issues-directly,2023-12-28,"Related Articles, Categories",Guide,85,Yes,1dbb55bcb06dbc666c8ad9e2d4b209fd
211,How are Priorities Mapped Between zipBoard and Wrike?,WRIKE Integration7articles,https://help.zipboard.co/article/211-how-are-priorities-mapped-between-zipboard-and-wrike,2023-12-28,"Related Articles, Categories",Guide,27,Yes,42af076914d07bb123dec8c270cf49d8
207,How Are Statuses Mapped Between zipBoard and Wrike?,WRIKE Integration7articles,https://help.zipboard.co/article/207-how-are-statuses-mapped-between-zipboard-and-wrike,2023-12-28,"Related Articles, Categories",Guide,27,Yes,9d3bc69e90fb565497680ff31acc9fb3
205,Integrate zipBoard with Wrike & Manage Your Project Better,WRIKE Integration7articles,https://help.zipboard.co/article/205-does-zipboard-integrate-with-wrike,2024-10-18,"Related Articles, Categories",Guide,166,Yes,d35e3da7bc99b03be590b12e16932f05
208,How do I Remove zipBoard's Integration with WRIKE?,WRIKE Integration7articles,https://help.zipboard.co/article/208-how-do-i-remove-zipboards-integration-with-wrike,2023-12-28,"Related Articles, Categories",Guide,117,Yes,3fec7afe8545191f173415d29ffe3aaf
210,How do I Edit WRIKE's Integration Settings?,WRIKE Integration7articles,https://help.zipboard.co/article/210-how-do-i-edit-wrikes-integration-settings,2023-12-28,"Related Articles, Categories",Guide,36,Yes,6353ac017ff149bb332fd010b6ad516c
206,How do I Integrate zipBoard with WRIKE,WRIKE Integration7articles,https://help.zipboard.co/article/206-how-do-i-integrate-zipboard-with-wrike,2023-12-28,"Related Articles, Categories",Guide,174,Yes,5ac9d46b799e983d4e7293eb150c986e
71,How do I Remove zipBoard's Integration with Slack?,Slack Integration6articles,https://help.zipboard.co/article/71-how-do-i-remove-zipboards-integration-with-slack,2023-12-28,"Related Articles, Categories",Guide,31,Yes,a16128a37a2cfea789ab48770399ad99
72,How do I Edit Slack's Integration Settings?,Slack Integration6articles,https://help.zipboard.co/article/72-how-do-i-edit-slacks-integration-settings,2023-12-28,"Related Articles, Categories",Guide,51,Yes,e5736f5d28e4470830b601809a598154
254,Do slack channel get notified if task is created or updated in zipBoard?,Slack Integration6articles,https://help.zipboard.co/article/254-do-slack-channel-get-notified-if-task-is-created-or-updated-in-zipboard,2023-12-28,"Related Articles, Categories",Guide,74,Yes,bfdb3d155dd838220d39eac704173cc4
192,What Can I do with Slack Integration?,Slack Integration6articles,https://help.zipboard.co/article/192-what-can-i-do-with-slack-integration,2023-12-28,"Related Articles, Categories",Guide,175,Yes,0e7ccea0efb82135372ffeaae35d8703
69,Does zipBoard Integrate with Slack?,Slack Integration6articles,https://help.zipboard.co/article/69-does-zipboard-integrate-with-slack,2023-12-28,"Related Articles, Categories",Guide,67,No,9b69825ca6a4be4ac10f18a6fca91b6f
70,How do I Integrate zipBoard with Slack?,Slack Integration6articles,https://help.zipboard.co/article/70-how-do-i-integrate-zipboard-with-slack,2023-12-28,"Related Articles, Categories",Guide,126,Yes,6c816d62fbb562008915cb373691cd91
296,How to Log Your First Bug from LambdaTest to zipBoard?,LambdaTest IntegrationContains all the help docs related to zipBoard + LambdaTest integration.4articles,https://help.zipboard.co/article/296-how-log-bug-lambdatest-zipboard,2023-12-28,"Steps to log a bug from LambdaTest to zipBoard:, Categories",Guide,324,Yes,9177c35a0957f8cac76fbb547247e0ed
294,Why do I Need to Integrate zipBoard with LambdaTest?,LambdaTest IntegrationContains all the help docs related to zipBoard + LambdaTest integration.4articles,https://help.zipboard.co/article/294-why-integrate-zipboard-lambdatest,2023-12-28,"Related Articles, Categories",Guide,162,No,6536e8012c3fdb7ad12d0efb26b9b9db
297,How to Remove LambdaTest Integration with zipBoard?,LambdaTest IntegrationContains all the help docs related to zipBoard + LambdaTest integration.4articles,https://help.zipboard.co/article/297-how-remove-zipboard-lambdatest-integration,2023-12-28,Categories,Guide,48,Yes,dfb6a2176f7b634fd0e6cc8bfae5fe3e
295,How do I Integrate zipBoard with LambdaTest?,LambdaTest IntegrationContains all the help docs related to zipBoard + LambdaTest integration.4articles,https://help.zipboard.co/article/295-how-integrate-zipboard-lambdatest,2023-12-28,"Step 1: Find zipBoard in LambdaTest, , Step 2:¬†Finding API Key In zipBoard",Guide,280,Yes,71098132455f1a3a83a7ab149278bd5c
442,Setting Up and Managing the Procore Integration in zipBoard,Procore Integration3articles,https://help.zipboard.co/article/442-setting-up-and-managing-the-procore-integration-in-zipboard,2025-05-16,"Who Can Use ThezipBoard + Procore Integration?, Advantages ofProcore's Integration with zipBoard, How to Set Up the Procore + zipBoard Integration",Guide,641,Yes,30f977316486d1c7362bdd3e2ee89f81
449,"Get the Most Out of the zipBoard + Procore Integration: Markup, Share, and Collaborate Without Downloading PDFs",Procore Integration3articles,https://help.zipboard.co/article/449-how-to-use-the-procore-zipboard-integration-to-improve-collaboration,2025-04-14,"What You Can Do in zipBoard with Procore Docs, Optimizing Your Workflow with Procore + zipBoard, RFI Collaboration",Guide,710,No,709a25291f145e36931760d9371cc52f
452,"Managing Your Procore + zipBoard Integration: Project Sync, Permissions, and What‚Äôs Next",Procore Integration3articles,https://help.zipboard.co/article/452-managing-your-procore-zipboard-integration-project-sync-permissions-and-what-s-next,2025-04-03,"Managing Your Integration, Understanding the ""Manage Integration"" Button, Selective Project-Level Sync",Guide,472,Yes,e9cf4055a3aa6f8b9255bff2046a36c2
121,Recover Account or Forgotten Password,Troubleshooting and Errors13articles,https://help.zipboard.co/article/121-recover-account-or-forgotten-password,2024-01-02,Categories,Guide,158,Yes,560d0f00107c0b94e9b74d98eb08b6e1
225,How to File a Bug?,Troubleshooting and Errors13articles,https://help.zipboard.co/article/225-how-to-file-a-bug,2024-01-02,"Adding a Bug¬†from task manager, From Review board, Related Articles",Guide,272,Yes,1d5ac429779634e0235f07b2ff915b43
39,I can‚Äôt access the review board. What might be the issue?,Troubleshooting and Errors13articles,https://help.zipboard.co/article/39-i-can-t-access-the-review-board-what-might-be-the-issue,2024-10-18,"Related Articles, Categories",Guide,65,No,3c08d89ea8356f8d7554dfaf96035b67
156,I'm unable to delete the annotations. How can I do that?,Troubleshooting and Errors13articles,https://help.zipboard.co/article/156-im-unable-to-delete-the-annotations-how-can-i-do-that,2024-01-02,"Related Articles, Categories",Guide,67,Yes,f3805c7cab1ea64a9843f38353dcd928
33,"I just uploaded a captivate SCORM file, but could not access it using zipBoard. What can be the issue?",Troubleshooting and Errors13articles,https://help.zipboard.co/article/33-i-just-uploaded-a-captivate-scorm-file-but-could-not-access-it-using-zipboard-what-can-be-the-issue,2023-09-30,"Related Articles, Categories",Guide,70,No,def838f2b9d9787859cd52f5354312ab
40,I can‚Äôt install zipBoard‚Äôs Google Chrome/Mozilla Firefox extensions. What could be wrong?,Troubleshooting and Errors13articles,https://help.zipboard.co/article/40-i-can-t-install-zipboard-s-google-chrome-mozilla-firefox-extensions-what-could-be-wrong,2023-09-30,"Related Articles, Categories",Guide,63,No,f26c4bc666879f0f3a434f1d7618967b
287,"I have uploaded Articulate scorm file but live annotations does not work, what was the issue?",Troubleshooting and Errors13articles,https://help.zipboard.co/article/287-i-have-uploaded-articulate-scorm-file-but-live-annotations-does-not-work-what-was-the-issue,2024-01-02,"Related Articles, Categories",Guide,101,No,ac05466d4c4ed596aa1e751170e1099d
88,My mails are not delivered. What should I do?,Troubleshooting and Errors13articles,https://help.zipboard.co/article/88-my-mails-are-not-delivered-what-should-i-do,2024-01-02,"Related Articles, Categories",Guide,95,Yes,75de197a6fb61b6fa4e06e84ccfd849c
32,I cannot play my SCORM file with zipBoard. What can be the issue?,Troubleshooting and Errors13articles,https://help.zipboard.co/article/32-i-cannot-play-my-scorm-file-with-zipboard-what-can-be-the-issue,2024-01-02,"Related Articles, Categories",Guide,88,No,a63480752f64816c7c7785cedf143dcf
9,I'm stuck! How do I contact zipBoard?,Troubleshooting and Errors13articles,https://help.zipboard.co/article/9-im-stuck-how-do-i-contact-zipboard,2023-09-30,"Related Articles, Categories",Guide,49,No,c757794f770ede4fd242419f00db8751
142,I don't see a camera icon for my video files. How to add annotations to it while reviewing?,Troubleshooting and Errors13articles,https://help.zipboard.co/article/142-i-dont-see-a-camera-icon-for-my-video-files-how-to-add-annotations-to-it-while-reviewing,2023-09-30,"Related Articles, Categories",Guide,70,Yes,92837588f442c1cfb43db02f51fa0423
25,"I uploaded a zip  file, but it's stuck. What should I do?",Troubleshooting and Errors13articles,https://help.zipboard.co/article/25-i-upload-a-file-but-its-stuck-what-should-i-do,2023-11-16,"Related Articles, Categories",Guide,72,No,aad773a13c24847c91e600b7ed2ce0e8
49,I have been invited as a collaborator but unable to see the project on my dashboard. What‚Äôs wrong there?,Troubleshooting and Errors13articles,https://help.zipboard.co/article/49-i-have-been-invited-as-a-collaborator-but-unable-to-see-the-project-on-my-dashboard-what-s-wrong-there,2024-01-02,"Related Articles, Categories",Guide,119,Yes,8341727b57584bbd23fbc9d9219b4926
332,Difference Between the Embedded Annotations and Browser Extension.,zBreviewboard Extension10articles,https://help.zipboard.co/article/332-difference-between-embedded-annotations-and-browser-extension,2024-01-02,Categories,Guide,152,No,f2d6dbba56ede5364fc56236539a6c00
200,How to install the zBreviewboard extension,zBreviewboard Extension10articles,https://help.zipboard.co/article/200-how-to-install-the-zbreviewboard-extension,2023-10-03,Categories,Guide,45,No,620a4d94781f29d0eac5d40c9e633bb5
421,Getting Started with the zipBoard Add-in for Microsoft Outlook,zBreviewboard Extension10articles,https://help.zipboard.co/article/421-zipboard-add-in-for-microsoft-outlook,2025-01-21,"Step 1: Installing the zipBoard Add-in, Step 2: Accessing the zipBoard Add-in, Step 3: Logging in to the zipBoard Add-in",Guide,459,Yes,27f1fe5fe19b81594176f466d4e266c5
258,How to Record a Video to Capture Feedback using zipBoard extension?,zBreviewboard Extension10articles,https://help.zipboard.co/article/258-can-we-capture-screenshotrecord-video-without-going-to-zipboard,2024-03-20,"Tips for Screen and Self Recording, Related Articles, Categories",Guide,286,Yes,abd49ab607be75c23941be7cd9d4e9eb
197,How to install the zBreviewboard extension on Chrome,zBreviewboard Extension10articles,https://help.zipboard.co/article/197-how-to-install-the-zbreviewboard-extension-on-chrome,2023-12-05,Categories,Guide,115,Yes,dce551f06d20427ed3b839f02acc8b12
114,How do I install zipBoard's Internet Explorer extension?,zBreviewboard Extension10articles,https://help.zipboard.co/article/114-how-do-i-install-zipboards-internet-explorer-extension,2023-12-05,Categories,Guide,142,Yes,cffb96cfee62d5bbdb1c5496d0a3a9e5
198,How to install the zBreviewboard extension on Firefox,zBreviewboard Extension10articles,https://help.zipboard.co/article/198-how-to-install-the-zbreviewboard-extension-on-firefox,2023-10-03,Categories,Guide,123,Yes,70523ca410d7bca6228e4b807d0cbbce
199,How to install the zBreviewboard extension on Internet Explorer/Safari,zBreviewboard Extension10articles,https://help.zipboard.co/article/199-how-to-install-the-zbreviewboard-extension-on-internet-explorer-or-safari,2023-10-03,Categories,Guide,161,Yes,9e148b4fc89dc7baf35c8556583626e8
288,Using zipBoard browser extension across a business account,zBreviewboard Extension10articles,https://help.zipboard.co/article/288-using-zipboard-browser-extension-across-a-business-account,2023-10-03,Categories,Guide,178,No,11bbc29539fdabc37aa6284b3f2928f9
260,How to install the zBreviewboard extension on Edge,zBreviewboard Extension10articles,https://help.zipboard.co/article/260-how-to-install-the-zbreviewboard-extension-on-edge,2023-10-03,Categories,Guide,113,Yes,3ab6b1a4b47482d85396ebe5fe241c1d
29,How Secure is my Data with zipBoard?,Data Security & Privacy3articles,https://help.zipboard.co/article/29-how-secure-is-my-data-with-zipboard,2023-12-28,"Related Articles, Categories",Guide,167,No,7ac1fcc5850f62b0ba94c010c9b59c83
262,How Secure is zipBoard?,Data Security & Privacy3articles,https://help.zipboard.co/article/262-how-secure-is-zipboard,2026-02-05,"üñ•Ô∏è Enterprise-Grade Cloud Infrastructure, üìÅ Data Encryption & Transmission, üéØAccess Controls& Internal Security",Guide,512,Yes,c9873e3b7ae5b444b916c575ca8cbf01
30,Does zipBoard Backup Data in Case of Emergency?,Data Security & Privacy3articles,https://help.zipboard.co/article/30-does-zipboard-backup-data-in-case-of-emergency,2023-12-28,Categories,Guide,31,No,734542046abc375a6891ea56799e7d93
183,HTTP Status Codes,API Documentation11articles,https://help.zipboard.co/article/183-http-status-codes,2019-02-20,Categories,Guide,115,No,3d7555fb61e8a4f8811152de96e3ace7
181,API for Issues (Task),API Documentation11articles,https://help.zipboard.co/article/181-api-for-issues-task,2020-02-18,"Get Tasks, Create¬†Tasks, Update¬†Task",Guide,873,No,f08a2524f5eeb0efbd9b1ed84601d860
178,API for Project,API Documentation11articles,https://help.zipboard.co/article/178-api-for-project,2021-12-22,"Get Projects, Create Projects, Update Projects",Guide,827,No,bb7840580755f99a23f37d51bda73f54
180,API for Review Links,API Documentation11articles,https://help.zipboard.co/article/180-api-for-review-links,2025-01-21,"Get¬†Review Links, Delete Review Link, Create¬†Review Link",Guide,507,No,dfbd68f13e0e8ca8cf213fe7884d4409
237,API for Organization,API Documentation11articles,https://help.zipboard.co/article/237-api-for-organization,2021-05-25,"Get Organisation, Categories",Guide,193,No,6c72ea21c2a05885d3b44e8920d21fc9
240,Responses,API Documentation11articles,https://help.zipboard.co/article/240-responses,2020-02-18,"Get Responses, Create¬†Rsponse, GEThttps://app.zipboard.co/api/v1/issues/responses/",Guide,595,No,9e6a39f3e6a630a94f61967d2d92ce58
312,Integrating the zipBoard API into User Application,API Documentation11articles,https://help.zipboard.co/article/312-integrating-the-zipboard-api-into-user-application,2023-10-03,"Typographic Convention, Data Inputs, Body:",Guide,874,No,03b5208cbea4c42a05773096c0ef5837
351,APIs for Custom Integration,API Documentation11articles,https://help.zipboard.co/article/351-apis-for-custom-integration,2023-10-03,"Integration Example, Categories",Guide,465,Yes,88b5da5eb5a9e8902ce8166cd7087378
179,API for Files (URL),API Documentation11articles,https://help.zipboard.co/article/179-api-for-files-url,2020-02-14,"Get Files, Create Files, Update Files",Guide,715,No,2e3e53b1093a08d596d97a4dd9573500
171,API Authentication and URI Structure,API Documentation11articles,https://help.zipboard.co/article/171-api-authentication-and-uri-structure,2023-11-16,"Related Articles, Categories",Guide,234,Yes,84d7318862280d4acc1b9be393928450
182,API for Issues (Feedback),API Documentation11articles,https://help.zipboard.co/article/182-api-for-issues-feedback,2019-04-23,"Get Feedback, Create Feedback, Update Feedback",Guide,683,No,74909182e16678bfb33fc435d0ac0688
237,API for Organization,Organization1article,https://help.zipboard.co/article/237-api-for-organization,2021-05-25,"Get Organisation, Categories",Guide,193,No,6c72ea21c2a05885d3b44e8920d21fc9
240,Responses,Responses1article,https://help.zipboard.co/article/240-responses,2020-02-18,"Get Responses, Create¬†Rsponse, GEThttps://app.zipboard.co/api/v1/issues/responses/",Guide,595,No,9e6a39f3e6a630a94f61967d2d92ce58
5c6c64742c7d3a66e32ea80b/,Log In,Tasks1article,https://secure.helpscout.net/docs/5c6bb3d72c7d3a66e32e9dbf/article/5c6c64742c7d3a66e32ea80b/,N/A,Collecting andConnecting Dots,Guide,0,No,d41d8cd98f00b204e9800998ecf8427e
